"Date","Price","Open","High","Low","Vol.","Change %"
"09/23/2025","1,021.50","992.80","1,025.00","962.79","22.84M","2.89%"
"09/22/2025","992.80","1,047.90","1,050.30","977.00","27.97M","-5.25%"
"09/21/2025","1,047.80","1,043.71","1,081.79","1,039.62","24.49M","0.37%"
"09/20/2025","1,043.90","984.10","1,043.90","983.10","16.00M","6.08%"
"09/19/2025","984.10","981.00","1,002.83","974.42","12.06M","0.32%"
"09/18/2025","981.00","989.80","1,006.30","979.71","14.51M","-0.94%"
"09/17/2025","990.29","955.91","995.00","946.20","16.61M","3.53%"
"09/16/2025","956.49","919.80","959.09","916.70","9.76M","3.99%"
"09/15/2025","919.80","926.40","935.40","910.80","9.01M","-0.72%"
"09/14/2025","926.50","933.80","944.61","922.80","7.61M","-0.78%"
"09/13/2025","933.80","924.90","943.79","922.31","11.43M","0.96%"
"09/12/2025","924.90","902.70","929.51","901.70","9.43M","2.46%"
"09/11/2025","902.70","893.69","903.99","888.71","12.88M","1.01%"
"09/10/2025","893.70","879.90","907.19","877.00","13.68M","1.57%"
"09/09/2025","879.90","878.80","884.90","871.60","5.59M","0.23%"
"09/08/2025","877.91","880.40","885.60","870.11","5.99M","-0.23%"
"09/07/2025","879.90","862.30","883.70","860.70","5.14M","2.21%"
"09/06/2025","860.90","849.80","864.70","849.50","4.47M","1.26%"
"09/05/2025","850.20","843.60","857.51","842.70","3.70M","0.77%"
"09/04/2025","843.70","854.70","856.80","841.10","6.06M","-1.29%"
"09/03/2025","854.70","851.90","864.00","848.90","3.90M","0.34%"
"09/02/2025","851.80","845.79","856.60","840.70","5.32M","0.71%"
"09/01/2025","845.79","857.60","867.30","840.00","7.60M","-1.38%"
"08/31/2025","857.60","861.90","867.60","857.00","3.45M","-0.50%"
"08/30/2025","861.90","862.20","863.80","851.70","3.27M","-0.05%"
"08/29/2025","862.30","873.51","878.00","850.50","8.44M","-1.28%"
"08/28/2025","873.51","855.50","880.98","851.32","8.29M","2.12%"
"08/27/2025","855.41","863.80","867.10","853.29","4.91M","-0.96%"
"08/26/2025","863.70","839.30","867.90","830.35","7.84M","2.92%"
"08/25/2025","839.20","876.50","880.70","833.69","13.76M","-4.25%"
"08/24/2025","876.50","880.50","886.60","860.00","10.86M","-0.47%"
"08/23/2025","880.60","900.20","900.20","875.90","9.90M","-2.14%"
"08/22/2025","899.81","839.30","900.49","839.20","11.91M","7.21%"
"08/21/2025","839.30","869.00","883.90","833.70","9.08M","-3.43%"
"08/20/2025","869.10","824.00","880.88","818.70","12.77M","5.50%"
"08/19/2025","823.81","846.60","851.80","823.10","7.23M","-2.69%"
"08/18/2025","846.60","855.20","858.50","825.30","9.83M","-0.99%"
"08/17/2025","855.11","838.60","863.79","838.20","5.44M","1.97%"
"08/16/2025","838.60","827.80","839.20","825.30","3.73M","1.29%"
"08/15/2025","827.90","840.49","853.50","812.90","7.32M","-1.49%"
"08/14/2025","840.40","848.00","869.29","821.97","20.68M","-0.90%"
"08/13/2025","848.00","832.50","858.90","828.40","17.26M","1.85%"
"08/12/2025","832.60","805.10","839.80","797.90","13.88M","3.42%"
"08/11/2025","805.10","806.90","827.20","792.60","20.84M","-0.22%"
"08/10/2025","806.90","798.80","815.40","793.70","12.18M","1.03%"
"08/09/2025","798.70","793.50","819.00","792.80","16.91M","0.67%"
"08/08/2025","793.40","788.90","798.30","781.10","31.97M","0.58%"
"08/07/2025","788.80","769.70","788.80","764.70","15.75M","2.48%"
"08/06/2025","769.70","755.01","774.90","746.50","9.53M","1.93%"
"08/05/2025","755.10","768.50","769.60","745.52","9.07M","-1.74%"
"08/04/2025","768.50","751.40","769.50","750.40","13.29M","2.28%"
"08/03/2025","751.40","736.70","755.30","730.20","9.17M","2.00%"
"08/02/2025","736.70","757.20","770.20","732.50","15.25M","-2.71%"
"08/01/2025","757.20","783.20","795.40","745.40","25.74M","-3.32%"
"07/31/2025","783.20","793.40","813.30","781.60","22.92M","-1.29%"
"07/30/2025","793.40","805.10","811.49","766.81","29.63M","-1.49%"
"07/29/2025","805.40","824.00","834.80","800.30","30.18M","-2.26%"
"07/28/2025","824.00","843.60","860.70","820.91","31.67M","-2.32%"
"07/27/2025","843.59","793.00","846.89","791.20","20.65M","6.38%"
"07/26/2025","793.00","785.40","797.90","778.40","10.21M","0.97%"
"07/25/2025","785.40","770.30","785.70","752.40","28.34M","1.96%"
"07/24/2025","770.30","776.70","785.99","743.00","34.15M","-0.87%"
"07/23/2025","777.10","787.50","809.60","752.88","53.40M","-1.26%"
"07/22/2025","787.00","766.70","788.19","745.20","39.96M","2.73%"
"07/21/2025","766.10","756.80","781.80","746.30","27.69M","1.19%"
"07/20/2025","757.10","733.10","760.70","731.50","19.80M","3.29%"
"07/19/2025","733.00","729.89","742.20","719.20","14.40M","0.38%"
"07/18/2025","730.20","720.89","765.09","719.00","32.98M","1.32%"
"07/17/2025","720.70","708.80","727.70","707.30","28.70M","1.78%"
"07/16/2025","708.10","689.80","715.40","685.30","14.99M","2.64%"
"07/15/2025","689.90","688.70","693.00","675.31","12.05M","0.12%"
"07/14/2025","689.10","691.90","707.30","686.20","12.59M","-0.40%"
"07/13/2025","691.90","685.70","694.00","685.10","7.70M","0.90%"
"07/12/2025","685.70","690.00","696.90","679.61","8.60M","-0.61%"
"07/11/2025","689.90","685.50","697.20","682.80","14.24M","0.61%"
"07/10/2025","685.70","669.10","687.70","667.10","11.02M","2.54%"
"07/09/2025","668.70","660.70","671.30","659.20","11.03M","1.23%"
"07/08/2025","660.60","661.10","662.50","657.40","5.38M","-0.06%"
"07/07/2025","661.00","663.10","663.20","656.80","6.50M","-0.30%"
"07/06/2025","663.00","656.10","664.90","653.50","5.31M","1.07%"
"07/05/2025","656.00","653.50","656.70","651.90","4.61M","0.38%"
"07/04/2025","653.50","663.90","664.10","650.20","7.00M","-1.51%"
"07/03/2025","663.50","659.90","664.40","656.70","7.19M","0.59%"
"07/02/2025","659.60","646.40","664.80","643.92","5.62M","2.07%"
"07/01/2025","646.20","657.20","659.39","644.00","4.03M","-1.63%"
"06/30/2025","656.90","655.10","660.09","651.40","4.79M","0.34%"
"06/29/2025","654.70","648.50","655.90","646.90","4.61M","0.97%"
"06/28/2025","648.40","645.50","649.10","644.30","3.09M","0.40%"
"06/27/2025","645.80","642.20","648.10","639.30","3.87M","0.53%"
"06/26/2025","642.40","646.00","649.90","641.20","6.87M","-0.53%"
"06/25/2025","645.80","643.50","652.38","641.90","12.46M","0.36%"
"06/24/2025","643.50","640.80","644.10","636.10","6.33M","0.48%"
"06/23/2025","640.40","615.90","642.60","615.00","12.52M","3.98%"
"06/22/2025","615.90","629.00","635.30","601.21","19.42M","-2.08%"
"06/21/2025","629.00","641.60","644.90","622.10","8.60M","-1.96%"
"06/20/2025","641.60","644.70","649.70","638.10","7.82M","-0.47%"
"06/19/2025","644.60","644.70","646.40","638.50","5.46M","0.00%"
"06/18/2025","644.60","647.90","653.90","637.50","8.75M","-0.51%"
"06/17/2025","647.90","650.10","658.80","640.20","10.06M","-0.38%"
"06/16/2025","650.40","648.10","659.30","646.20","8.44M","0.35%"
"06/15/2025","648.10","645.50","651.70","642.70","5.37M","0.40%"
"06/14/2025","645.50","655.30","655.30","638.90","7.35M","-1.50%"
"06/13/2025","655.30","654.10","659.40","639.21","15.34M","0.08%"
"06/12/2025","654.81","667.40","669.89","651.90","13.51M","-1.89%"
"06/11/2025","667.40","673.30","674.10","662.41","13.55M","-0.91%"
"06/10/2025","673.50","665.60","673.80","657.20","11.21M","1.19%"
"06/09/2025","665.60","651.90","667.80","648.00","8.78M","2.10%"
"06/08/2025","651.90","650.80","656.10","646.40","5.74M","0.18%"
"06/07/2025","650.70","643.19","653.80","640.00","7.48M","1.26%"
"06/06/2025","642.60","633.40","651.10","629.41","11.16M","1.45%"
"06/05/2025","633.40","663.30","670.80","625.80","17.36M","-4.49%"
"06/04/2025","663.20","661.50","671.60","660.70","12.73M","0.27%"
"06/03/2025","661.40","665.70","673.20","657.30","13.99M","-0.65%"
"06/02/2025","665.70","660.70","666.80","649.70","13.80M","0.76%"
"06/01/2025","660.70","657.90","662.40","647.30","11.60M","0.43%"
"05/31/2025","657.90","655.20","661.20","645.50","14.54M","0.47%"
"05/30/2025","654.80","675.10","678.30","653.20","24.74M","-3.01%"
"05/29/2025","675.10","687.00","691.00","673.10","21.67M","-1.69%"
"05/28/2025","686.70","687.00","689.30","680.00","20.63M","-0.03%"
"05/27/2025","686.90","674.20","697.21","666.41","19.58M","1.88%"
"05/26/2025","674.20","669.10","677.50","668.00","12.49M","0.76%"
"05/25/2025","669.10","667.90","671.40","657.40","15.67M","0.18%"
"05/24/2025","667.90","656.60","676.80","655.30","11.92M","1.72%"
"05/23/2025","656.60","686.31","691.30","653.80","23.89M","-4.33%"
"05/22/2025","686.30","673.49","688.91","673.20","20.77M","1.95%"
"05/21/2025","673.20","650.10","677.89","648.70","15.74M","3.55%"
"05/20/2025","650.10","649.60","653.70","640.40","8.28M","0.11%"
"05/19/2025","649.40","650.91","653.20","633.70","10.10M","-0.34%"
"05/18/2025","651.60","639.50","655.00","634.40","8.84M","1.92%"
"05/17/2025","639.30","646.20","646.70","634.71","7.52M","-1.11%"
"05/16/2025","646.50","651.61","659.70","643.71","9.69M","-0.78%"
"05/15/2025","651.60","652.20","660.89","642.30","11.34M","-0.11%"
"05/14/2025","652.30","664.59","666.10","647.20","10.39M","-1.79%"
"05/13/2025","664.20","660.00","671.01","640.81","10.71M","0.64%"
"05/12/2025","660.00","650.70","692.31","647.61","21.63M","1.40%"
"05/11/2025","650.91","662.60","668.49","648.11","12.16M","-1.96%"
"05/10/2025","663.90","666.61","678.00","648.90","18.71M","-0.39%"
"05/09/2025","666.51","629.30","669.71","623.60","20.19M","5.91%"
"05/08/2025","629.30","602.41","629.30","600.70","15.07M","4.43%"
"05/07/2025","602.60","602.50","609.00","597.80","10.91M","0.00%"
"05/06/2025","602.60","597.41","603.20","593.30","7.48M","0.87%"
"05/05/2025","597.41","585.81","599.90","583.70","6.16M","1.98%"
"05/04/2025","585.81","599.20","600.40","584.70","3.94M","-2.23%"
"05/03/2025","599.20","600.80","601.30","595.40","4.44M","-0.27%"
"05/02/2025","600.80","599.60","603.60","595.50","5.75M","0.20%"
"05/01/2025","599.60","599.71","605.39","598.20","4.81M","-0.02%"
"04/30/2025","599.71","600.90","604.59","591.71","6.09M","-0.20%"
"04/29/2025","600.91","606.50","610.60","598.01","7.19M","-0.86%"
"04/28/2025","606.10","603.40","608.10","598.21","5.68M","0.42%"
"04/27/2025","603.60","607.50","608.60","597.30","4.67M","-0.63%"
"04/26/2025","607.40","600.39","609.10","599.40","5.06M","1.20%"
"04/25/2025","600.20","601.30","610.11","597.20","7.64M","-0.23%"
"04/24/2025","601.60","605.90","606.90","592.91","8.46M","-0.66%"
"04/23/2025","605.60","618.50","619.90","601.40","12.35M","-2.09%"
"04/22/2025","618.50","597.40","619.80","595.01","9.71M","3.53%"
"04/21/2025","597.40","592.70","608.59","592.40","7.83M","0.81%"
"04/20/2025","592.60","591.60","595.79","587.60","9.52M","0.17%"
"04/19/2025","591.60","591.60","594.40","588.01","2.98M","-0.03%"
"04/18/2025","591.80","590.40","595.81","587.40","5.11M","0.24%"
"04/17/2025","590.40","582.70","593.00","580.90","5.29M","1.32%"
"04/16/2025","582.70","579.50","585.81","576.10","6.03M","0.55%"
"04/15/2025","579.50","584.60","590.80","579.30","5.62M","-0.84%"
"04/14/2025","584.40","584.10","593.00","583.10","6.47M","0.07%"
"04/13/2025","584.00","597.30","598.21","580.51","5.65M","-2.23%"
"04/12/2025","597.30","585.90","600.30","583.81","8.39M","1.93%"
"04/11/2025","586.00","578.00","590.20","575.80","5.65M","1.37%"
"04/10/2025","578.10","582.60","582.60","566.30","12.26M","-0.77%"
"04/09/2025","582.60","553.60","585.80","534.41","32.46M","5.24%"
"04/08/2025","553.60","554.50","565.60","547.71","10.45M","-0.16%"
"04/07/2025","554.50","555.60","567.09","521.82","54.82M","-0.20%"
"04/06/2025","555.60","593.59","593.80","544.71","10.65M","-6.40%"
"04/05/2025","593.59","597.60","598.90","589.79","3.61M","-0.67%"
"04/04/2025","597.60","592.79","600.00","585.10","9.88M","0.83%"
"04/03/2025","592.70","590.00","610.00","578.50","18.40M","0.47%"
"04/02/2025","589.91","611.11","611.60","584.71","23.95M","-3.44%"
"04/01/2025","610.91","604.80","618.50","604.50","15.86M","1.01%"
"03/31/2025","604.80","602.01","608.80","587.40","9.74M","0.46%"
"03/30/2025","602.00","602.81","613.20","593.70","5.79M","-0.13%"
"03/29/2025","602.80","619.60","623.70","597.30","9.80M","-2.71%"
"03/28/2025","619.60","637.01","637.20","615.90","16.68M","-2.73%"
"03/27/2025","637.01","617.90","642.40","617.10","37.89M","3.11%"
"03/26/2025","617.80","629.90","634.00","615.40","10.46M","-1.92%"
"03/25/2025","629.90","636.90","644.90","627.10","19.73M","-1.13%"
"03/24/2025","637.10","623.50","639.39","618.50","13.62M","2.20%"
"03/23/2025","623.40","627.20","629.30","619.60","10.32M","-0.59%"
"03/22/2025","627.10","635.50","636.20","623.80","11.72M","-1.29%"
"03/21/2025","635.30","630.70","637.99","625.42","18.31M","0.71%"
"03/20/2025","630.80","618.60","637.70","616.60","25.96M","1.97%"
"03/19/2025","618.60","628.10","628.10","604.70","24.67M","-1.50%"
"03/18/2025","628.00","631.30","643.09","621.60","26.67M","-0.57%"
"03/17/2025","631.60","602.40","643.10","602.40","22.36M","4.87%"
"03/16/2025","602.30","619.50","622.70","593.20","11.65M","-2.82%"
"03/15/2025","619.80","588.10","619.90","588.00","10.97M","5.55%"
"03/14/2025","587.22","579.19","589.60","577.09","6.65M","1.28%"
"03/13/2025","579.80","569.59","605.79","568.01","21.35M","1.74%"
"03/12/2025","569.90","551.90","574.80","544.60","11.53M","3.30%"
"03/11/2025","551.70","531.11","565.90","508.02","20.30M","3.88%"
"03/10/2025","531.10","554.12","572.68","523.20","9.64M","-4.15%"
"03/09/2025","554.12","593.29","593.29","550.21","7.05M","-6.60%"
"03/08/2025","593.29","594.60","602.30","590.30","4.25M","-0.22%"
"03/07/2025","594.61","596.40","610.09","577.90","7.85M","-0.32%"
"03/06/2025","596.50","598.20","612.32","589.40","6.16M","-0.28%"
"03/05/2025","598.20","583.70","605.71","580.70","5.09M","2.45%"
"03/04/2025","583.90","574.38","588.29","548.23","16.96M","1.37%"
"03/03/2025","576.02","623.09","623.56","567.72","522.39K","-7.67%"
"03/02/2025","623.90","607.92","634.48","601.88","495.13K","2.63%"
"03/01/2025","607.92","588.01","609.44","586.43","307.14K","3.39%"
"02/28/2025","587.97","605.43","606.27","560.20","629.03K","-2.90%"
"02/27/2025","605.51","611.52","619.48","596.15","312.23K","-0.99%"
"02/26/2025","611.54","623.46","632.07","595.19","445.87K","-1.91%"
"02/25/2025","623.46","615.94","628.15","587.63","691.52K","1.55%"
"02/24/2025","613.93","658.71","659.29","611.31","384.03K","-6.70%"
"02/23/2025","658.04","669.06","671.09","648.73","179.21K","-1.56%"
"02/22/2025","668.49","646.14","679.40","645.24","319.29K","3.29%"
"02/21/2025","647.20","656.47","668.01","635.19","339.08K","-1.39%"
"02/20/2025","656.29","650.93","658.95","646.17","238.72K","0.39%"
"02/19/2025","653.71","647.76","662.44","637.90","378.66K","0.85%"
"02/18/2025","648.18","667.43","668.15","630.09","396.60K","-2.88%"
"02/17/2025","667.43","673.24","681.83","658.41","345.97K","-0.86%"
"02/16/2025","673.24","662.19","685.57","653.64","385.57K","1.64%"
"02/15/2025","662.39","659.78","670.90","653.56","277.80K","0.40%"
"02/14/2025","659.78","664.72","684.74","652.15","700.50K","-0.74%"
"02/13/2025","664.72","696.94","730.87","659.67","1.89M","-4.62%"
"02/12/2025","696.94","642.53","705.25","627.33","856.97K","8.47%"
"02/11/2025","642.53","618.47","646.63","615.12","511.37K","3.89%"
"02/10/2025","618.47","615.95","621.95","596.58","389.78K","0.41%"
"02/09/2025","615.96","612.30","648.07","602.76","835.77K","0.60%"
"02/08/2025","612.30","577.85","633.58","573.63","514.55K","5.96%"
"02/07/2025","577.85","572.04","589.62","570.81","232.09K","1.02%"
"02/06/2025","572.04","569.21","589.35","568.89","347.84K","0.50%"
"02/05/2025","569.21","572.72","579.35","561.74","235.71K","-0.61%"
"02/04/2025","572.72","617.25","619.12","558.33","570.36K","-7.21%"
"02/03/2025","617.25","617.48","618.81","512.62","1.43M","-0.04%"
"02/02/2025","617.48","652.95","662.96","601.72","527.57K","-5.51%"
"02/01/2025","653.49","677.48","681.52","650.80","183.10K","-3.54%"
"01/31/2025","677.48","677.61","689.35","673.63","196.42K","0.01%"
"01/30/2025","677.43","667.78","682.66","666.08","150.54K","1.45%"
"01/29/2025","667.78","661.41","679.37","659.55","263.24K","0.96%"
"01/28/2025","661.41","679.76","682.85","659.66","210.18K","-2.67%"
"01/27/2025","679.53","667.56","680.51","640.08","507.83K","1.79%"
"01/26/2025","667.56","686.33","690.73","665.10","202.40K","-2.73%"
"01/25/2025","686.33","680.59","689.56","678.04","149.90K","0.84%"
"01/24/2025","680.59","690.18","691.23","678.86","291.48K","-1.39%"
"01/23/2025","690.18","695.20","697.56","680.40","345.13K","-0.72%"
"01/22/2025","695.20","692.21","703.96","690.14","228.73K","0.43%"
"01/21/2025","692.21","682.10","697.01","675.04","313.51K","1.48%"
"01/20/2025","682.10","683.75","709.18","672.14","715.04K","-0.24%"
"01/19/2025","683.75","709.87","714.56","676.57","747.51K","-3.68%"
"01/18/2025","709.88","721.48","723.04","695.24","385.07K","-1.61%"
"01/17/2025","721.48","708.17","729.77","708.17","298.40K","1.89%"
"01/16/2025","708.08","714.60","717.35","700.68","278.86K","-0.91%"
"01/15/2025","714.60","698.89","714.71","688.86","293.56K","2.25%"
"01/14/2025","698.89","688.58","699.96","686.31","166.11K","1.50%"
"01/13/2025","688.58","693.35","699.99","660.08","405.15K","-0.69%"
"01/12/2025","693.35","696.70","698.48","690.01","81.82K","-0.48%"
"01/11/2025","696.71","693.21","701.40","690.52","91.74K","0.50%"
"01/10/2025","693.21","685.31","700.58","683.31","245.19K","1.15%"
"01/09/2025","685.31","696.04","701.67","675.46","342.79K","-1.54%"
"01/08/2025","696.04","697.98","707.23","675.41","452.79K","-0.28%"
"01/07/2025","697.98","729.50","733.25","691.23","459.86K","-4.32%"
"01/06/2025","729.50","709.11","745.10","706.02","369.80K","2.87%"
"01/05/2025","709.11","713.42","713.91","702.91","120.72K","-0.62%"
"01/04/2025","713.50","714.59","721.71","708.48","174.94K","-0.15%"
"01/03/2025","714.59","706.26","715.67","697.58","300.21K","1.18%"
"01/02/2025","706.26","708.02","715.63","698.50","303.05K","-0.25%"
"01/01/2025","708.02","702.39","710.87","700.32","143.02K","0.80%"
"12/31/2024","702.39","705.36","714.75","698.62","244.32K","-0.42%"
"12/30/2024","705.36","694.71","712.17","687.96","312.01K","1.53%"
"12/29/2024","694.71","722.28","724.12","690.57","252.03K","-3.82%"
"12/28/2024","722.28","691.84","731.04","691.58","358.39K","4.41%"
"12/27/2024","691.79","689.55","710.85","685.88","360.78K","0.32%"
"12/26/2024","689.55","702.64","719.49","683.06","399.28K","-1.86%"
"12/25/2024","702.64","696.76","713.13","695.99","246.44K","0.84%"
"12/24/2024","696.76","694.04","698.90","682.89","404.02K","0.39%"
"12/23/2024","694.04","649.89","698.19","638.30","629.32K","6.79%"
"12/22/2024","649.89","663.12","669.59","639.79","346.83K","-1.99%"
"12/21/2024","663.12","678.67","692.94","652.54","549.77K","-2.29%"
"12/20/2024","678.67","665.42","679.90","619.23","1.06M","1.99%"
"12/19/2024","665.43","687.39","704.85","650.03","899.95K","-3.19%"
"12/18/2024","687.39","717.52","721.99","683.67","773.93K","-4.20%"
"12/17/2024","717.52","720.45","736.53","712.82","531.75K","-0.41%"
"12/16/2024","720.45","718.61","729.99","704.37","515.07K","0.26%"
"12/15/2024","718.61","715.89","723.94","702.95","297.32K","0.38%"
"12/14/2024","715.89","725.74","731.91","705.32","359.82K","-1.37%"
"12/13/2024","725.86","705.71","729.76","697.71","574.09K","2.85%"
"12/12/2024","705.71","711.41","725.56","699.38","609.49K","-0.80%"
"12/11/2024","711.41","676.92","712.46","658.72","556.73K","5.10%"
"12/10/2024","676.92","689.21","704.59","650.00","1.07M","-1.90%"
"12/09/2024","690.02","741.84","742.14","651.30","1.12M","-6.99%"
"12/08/2024","741.84","749.46","757.14","728.07","355.44K","-1.02%"
"12/07/2024","749.46","730.44","760.48","729.86","463.19K","2.60%"
"12/06/2024","730.44","717.32","745.52","705.63","781.27K","1.83%"
"12/05/2024","717.32","739.23","739.23","693.03","1.24M","-2.96%"
"12/04/2024","739.23","735.07","793.20","721.53","2.21M","0.57%"
"12/03/2024","735.07","647.77","746.05","624.66","1.63M","13.48%"
"12/02/2024","647.77","656.03","666.93","629.08","802.12K","-1.26%"
"12/01/2024","656.03","653.72","664.10","645.75","446.33K","0.35%"
"11/30/2024","653.72","654.69","676.80","648.44","565.60K","-0.15%"
"11/29/2024","654.69","654.01","663.61","648.73","442.57K","0.11%"
"11/28/2024","654.00","644.25","662.84","640.72","708.17K","1.49%"
"11/27/2024","644.43","613.70","646.41","608.36","650.79K","5.01%"
"11/26/2024","613.70","635.81","645.39","600.68","845.08K","-3.48%"
"11/25/2024","635.81","659.80","674.66","627.39","820.89K","-3.64%"
"11/24/2024","659.80","650.79","687.26","637.54","949.96K","1.38%"
"11/23/2024","650.79","633.00","678.88","631.32","1.12M","2.81%"
"11/22/2024","633.00","622.02","639.21","615.32","600.57K","1.76%"
"11/21/2024","622.02","605.39","629.31","593.40","666.06K","2.68%"
"11/20/2024","605.79","615.26","620.43","600.01","424.09K","-1.54%"
"11/19/2024","615.26","618.90","621.30","605.23","435.27K","-0.59%"
"11/18/2024","618.90","618.74","629.83","612.21","500.65K","0.03%"
"11/17/2024","618.74","622.46","646.91","605.56","615.18K","-0.60%"
"11/16/2024","622.46","619.11","633.53","617.57","462.16K","0.54%"
"11/15/2024","619.11","621.85","628.29","603.72","678.16K","-0.44%"
"11/14/2024","621.85","620.65","659.80","611.48","1.13M","0.19%"
"11/13/2024","620.65","625.31","638.04","599.44","1.08M","-0.71%"
"11/12/2024","625.08","660.15","666.66","612.86","1.26M","-5.31%"
"11/11/2024","660.15","627.46","664.60","613.04","1.06M","5.21%"
"11/10/2024","627.46","624.66","644.06","612.68","854.12K","0.48%"
"11/09/2024","624.48","597.81","637.97","597.51","794.09K","4.46%"
"11/08/2024","597.81","598.22","605.70","588.15","330.61K","-0.07%"
"11/07/2024","598.20","591.99","611.04","587.49","397.45K","1.05%"
"11/06/2024","591.99","563.23","594.76","563.19","568.65K","5.11%"
"11/05/2024","563.23","552.51","572.14","551.41","217.86K","1.94%"
"11/04/2024","552.51","557.70","564.59","543.87","271.27K","-0.93%"
"11/03/2024","557.70","568.59","569.30","547.30","223.61K","-1.88%"
"11/02/2024","568.40","573.09","576.78","562.40","148.72K","-0.82%"
"11/01/2024","573.09","576.50","585.40","568.00","252.22K","-0.61%"
"10/31/2024","576.60","595.50","596.39","571.39","288.20K","-3.17%"
"10/30/2024","595.50","606.30","606.59","594.31","193.18K","-1.78%"
"10/29/2024","606.30","600.99","612.09","600.00","311.62K","0.88%"
"10/28/2024","600.99","589.20","604.20","585.59","196.20K","1.98%"
"10/27/2024","589.30","583.30","591.00","581.80","98.11K","0.99%"
"10/26/2024","583.49","575.29","587.00","571.99","124.96K","1.43%"
"10/25/2024","575.29","594.41","597.39","566.84","267.45K","-3.22%"
"10/24/2024","594.41","584.89","597.91","583.50","155.61K","1.62%"
"10/23/2024","584.91","593.70","594.29","573.20","241.46K","-1.50%"
"10/22/2024","593.79","598.69","600.09","587.11","216.77K","-0.82%"
"10/21/2024","598.69","605.81","611.40","591.89","294.15K","-1.18%"
"10/20/2024","605.81","597.71","607.19","593.50","129.11K","1.36%"
"10/19/2024","597.71","599.19","601.31","595.61","83.90K","-0.25%"
"10/18/2024","599.19","592.89","602.39","591.90","147.44K","1.06%"
"10/17/2024","592.89","600.98","606.01","585.50","203.85K","-1.35%"
"10/16/2024","600.98","594.67","605.39","589.89","276.61K","1.06%"
"10/15/2024","594.67","589.10","599.60","578.44","361.59K","0.95%"
"10/14/2024","589.10","572.30","592.19","569.80","263.99K","2.94%"
"10/13/2024","572.30","576.59","578.39","565.01","124.95K","-0.74%"
"10/12/2024","576.59","573.30","578.99","573.30","145.01K","0.58%"
"10/11/2024","573.30","563.58","577.21","560.29","193.67K","1.72%"
"10/10/2024","563.58","570.79","572.82","554.52","192.53K","-1.26%"
"10/09/2024","570.79","580.78","585.68","566.85","351.05K","-1.72%"
"10/08/2024","580.78","564.30","586.58","560.05","303.51K","2.92%"
"10/07/2024","564.30","570.49","581.66","564.01","226.12K","-1.09%"
"10/06/2024","570.49","563.38","571.69","561.39","111.11K","1.26%"
"10/05/2024","563.39","555.30","564.88","552.09","129.23K","1.46%"
"10/04/2024","555.30","544.79","557.60","542.01","191.84K","1.93%"
"10/03/2024","544.79","542.32","550.79","534.70","233.37K","0.46%"
"10/02/2024","542.32","547.49","558.09","535.61","301.18K","-0.95%"
"10/01/2024","547.49","567.50","582.99","537.46","504.96K","-3.53%"
"09/30/2024","567.51","595.62","595.72","563.92","335.52K","-4.72%"
"09/29/2024","595.62","601.12","602.61","592.51","168.85K","-0.91%"
"09/28/2024","601.12","606.90","617.86","595.21","277.11K","-0.95%"
"09/27/2024","606.90","596.40","614.22","596.10","371.70K","1.76%"
"09/26/2024","596.40","587.53","608.68","581.03","350.53K","1.51%"
"09/25/2024","587.53","605.91","608.00","584.43","233.05K","-3.03%"
"09/24/2024","605.91","604.70","613.30","599.23","273.45K","0.20%"
"09/23/2024","604.70","588.61","615.70","584.02","395.30K","2.74%"
"09/22/2024","588.57","588.51","593.88","576.68","215.12K","0.01%"
"09/21/2024","588.51","569.09","590.00","566.62","220.78K","3.43%"
"09/20/2024","569.00","566.43","576.99","559.12","273.17K","0.45%"
"09/19/2024","566.43","559.50","571.88","553.03","329.79K","1.26%"
"09/18/2024","559.37","546.10","559.37","536.90","218.14K","2.43%"
"09/17/2024","546.10","533.67","552.34","528.97","212.39K","2.33%"
"09/16/2024","533.67","553.49","555.10","527.27","290.78K","-3.58%"
"09/15/2024","553.49","553.40","561.80","552.10","214.01K","0.02%"
"09/14/2024","553.40","556.40","559.09","547.52","144.60K","-0.54%"
"09/13/2024","556.40","544.60","559.29","538.90","290.67K","2.17%"
"09/12/2024","544.60","530.20","548.43","530.11","294.59K","2.72%"
"09/11/2024","530.20","516.80","534.84","506.78","219.23K","2.59%"
"09/10/2024","516.80","518.70","523.97","513.40","173.18K","-0.36%"
"09/09/2024","518.67","502.90","525.48","501.90","217.15K","3.14%"
"09/08/2024","502.90","493.49","506.68","490.81","141.99K","1.91%"
"09/07/2024","493.49","487.08","499.28","483.21","150.45K","1.32%"
"09/06/2024","487.08","502.40","509.48","472.09","387.75K","-3.05%"
"09/05/2024","502.40","507.52","512.80","496.80","185.80K","-1.01%"
"09/04/2024","507.52","518.39","523.50","496.00","458.35K","-2.10%"
"09/03/2024","518.39","526.39","538.30","518.29","233.58K","-1.52%"
"09/02/2024","526.39","512.69","529.50","501.80","277.10K","2.67%"
"09/01/2024","512.69","532.90","533.09","508.11","216.20K","-3.79%"
"08/31/2024","532.90","535.19","541.39","531.19","103.53K","-0.43%"
"08/30/2024","535.21","536.51","543.19","522.65","210.69K","-0.24%"
"08/29/2024","536.51","536.61","545.38","531.79","177.62K","-0.02%"
"08/28/2024","536.60","533.21","546.64","523.02","295.43K","0.55%"
"08/27/2024","533.68","548.30","558.25","522.86","322.04K","-2.67%"
"08/26/2024","548.30","574.19","575.48","546.71","305.84K","-4.51%"
"08/25/2024","574.19","580.42","583.77","569.00","222.47K","-1.07%"
"08/24/2024","580.42","591.63","592.20","575.11","356.14K","-1.89%"
"08/23/2024","591.63","582.99","597.22","574.97","440.34K","1.48%"
"08/22/2024","582.99","570.09","589.81","560.40","396.08K","2.28%"
"08/21/2024","569.99","569.41","575.08","546.78","363.14K","0.10%"
"08/20/2024","569.41","558.60","574.78","558.40","449.93K","1.94%"
"08/19/2024","558.59","531.40","560.50","529.39","242.95K","5.12%"
"08/18/2024","531.40","541.70","542.59","530.90","151.82K","-1.90%"
"08/17/2024","541.70","519.60","547.47","518.41","203.92K","4.25%"
"08/16/2024","519.60","519.18","524.48","510.30","184.69K","0.06%"
"08/15/2024","519.27","523.49","533.70","510.89","242.78K","-0.80%"
"08/14/2024","523.49","524.17","531.36","516.36","238.17K","-0.15%"
"08/13/2024","524.26","518.53","525.85","513.70","294.21K","1.11%"
"08/12/2024","518.53","503.39","523.40","499.90","309.25K","3.03%"
"08/11/2024","503.29","523.10","535.31","502.88","216.43K","-3.79%"
"08/10/2024","523.10","508.80","525.18","507.40","130.50K","2.81%"
"08/09/2024","508.80","517.09","517.98","499.07","204.06K","-1.60%"
"08/08/2024","517.09","474.81","521.17","468.45","305.93K","8.90%"
"08/07/2024","474.81","484.73","497.44","468.19","345.20K","-2.05%"
"08/06/2024","484.73","464.26","492.70","464.08","495.24K","4.49%"
"08/05/2024","463.90","496.70","499.86","404.53","2.38M","-6.60%"
"08/04/2024","496.70","529.41","532.10","488.35","405.84K","-6.18%"
"08/03/2024","529.41","543.39","545.10","521.69","252.83K","-2.57%"
"08/02/2024","543.39","575.11","577.39","540.31","292.82K","-5.56%"
"08/01/2024","575.41","576.40","577.90","553.80","286.12K","-0.17%"
"07/31/2024","576.40","588.09","592.69","574.91","198.71K","-1.99%"
"07/30/2024","588.09","574.40","588.20","567.41","168.34K","2.38%"
"07/29/2024","574.40","583.90","597.10","572.62","218.69K","-1.63%"
"07/28/2024","583.90","581.59","584.80","574.90","94.24K","0.46%"
"07/27/2024","581.20","580.90","592.80","573.82","188.83K","0.05%"
"07/26/2024","580.90","570.70","582.70","570.30","159.27K","1.79%"
"07/25/2024","570.70","574.50","575.90","554.20","295.22K","-0.66%"
"07/24/2024","574.50","581.90","588.99","570.60","163.39K","-1.27%"
"07/23/2024","581.90","587.22","593.17","577.54","221.76K","-1.02%"
"07/22/2024","587.89","602.10","605.48","587.30","220.56K","-2.36%"
"07/21/2024","602.10","593.10","603.40","582.99","251.20K","1.52%"
"07/20/2024","593.10","593.49","597.90","586.70","149.82K","-0.07%"
"07/19/2024","593.49","571.99","598.10","565.51","347.85K","3.76%"
"07/18/2024","571.99","568.80","579.39","562.11","159.76K","0.56%"
"07/17/2024","568.80","576.09","583.89","564.62","202.92K","-1.27%"
"07/16/2024","576.09","585.12","587.19","555.51","357.42K","-1.62%"
"07/15/2024","585.61","544.70","586.47","544.01","344.35K","7.51%"
"07/14/2024","544.70","532.30","547.69","531.70","153.47K","2.33%"
"07/13/2024","532.30","533.80","539.10","527.50","167.40K","-0.28%"
"07/12/2024","533.80","524.90","537.49","517.50","214.53K","1.69%"
"07/11/2024","524.90","524.89","542.79","520.41","271.84K","0.00%"
"07/10/2024","524.89","516.80","529.30","511.61","211.73K","1.57%"
"07/09/2024","516.80","510.50","520.61","506.60","209.10K","1.23%"
"07/08/2024","510.50","490.39","523.09","471.60","605.85K","4.10%"
"07/07/2024","490.39","525.91","526.50","488.72","287.64K","-6.94%"
"07/06/2024","526.98","497.42","530.60","496.20","231.88K","5.94%"
"07/05/2024","497.42","513.38","515.58","456.33","1.05M","-3.11%"
"07/04/2024","513.38","556.69","558.00","511.99","530.57K","-7.78%"
"07/03/2024","556.69","579.99","580.90","550.71","297.23K","-4.02%"
"07/02/2024","579.99","576.91","581.79","574.20","149.13K","0.54%"
"07/01/2024","576.91","582.40","588.20","576.51","193.43K","-0.93%"
"06/30/2024","582.30","570.39","585.00","568.31","174.10K","2.09%"
"06/29/2024","570.39","567.30","573.90","567.00","103.76K","0.54%"
"06/28/2024","567.31","581.70","585.19","565.91","218.34K","-2.47%"
"06/27/2024","581.70","573.08","584.47","566.61","206.49K","1.50%"
"06/26/2024","573.08","578.20","584.49","567.51","163.03K","-0.88%"
"06/25/2024","578.20","568.02","579.48","566.71","185.31K","1.79%"
"06/24/2024","568.02","577.41","581.80","552.21","379.14K","-1.63%"
"06/23/2024","577.41","591.00","592.99","576.29","146.68K","-2.30%"
"06/22/2024","591.00","586.10","591.40","581.10","104.60K","0.84%"
"06/21/2024","586.10","587.67","589.09","578.02","199.63K","-0.27%"
"06/20/2024","587.67","599.31","607.87","584.89","306.10K","-1.94%"
"06/19/2024","599.31","588.62","605.91","586.72","273.98K","1.82%"
"06/18/2024","588.62","604.31","604.99","575.32","489.00K","-2.60%"
"06/17/2024","604.31","610.89","612.50","592.10","248.69K","-1.08%"
"06/16/2024","610.89","608.19","611.70","601.20","109.69K","0.44%"
"06/15/2024","608.19","603.30","609.59","601.40","127.35K","0.81%"
"06/14/2024","603.30","599.90","612.37","590.20","292.77K","0.57%"
"06/13/2024","599.90","619.38","619.68","596.03","333.13K","-3.15%"
"06/12/2024","619.38","602.49","635.15","592.38","484.69K","2.80%"
"06/11/2024","602.49","624.70","628.67","596.68","680.14K","-3.56%"
"06/10/2024","624.70","673.00","674.69","613.77","726.91K","-7.18%"
"06/09/2024","673.00","682.70","684.78","670.40","180.03K","-1.42%"
"06/08/2024","682.70","683.99","694.88","678.29","226.79K","-0.19%"
"06/07/2024","683.99","711.16","711.68","660.52","625.43K","-3.82%"
"06/06/2024","711.16","698.62","720.75","692.79","566.96K","1.80%"
"06/05/2024","698.61","685.64","712.79","685.58","714.32K","1.89%"
"06/04/2024","685.64","626.21","687.78","625.00","775.12K","9.49%"
"06/03/2024","626.21","602.81","637.75","601.21","684.53K","3.87%"
"06/02/2024","602.90","601.80","605.80","596.20","204.28K","0.18%"
"06/01/2024","601.80","593.80","608.19","593.20","161.02K","1.35%"
"05/31/2024","593.80","594.99","598.89","590.10","175.98K","-0.20%"
"05/30/2024","594.99","595.69","601.80","586.60","233.89K","-0.10%"
"05/29/2024","595.59","601.69","603.59","593.29","219.96K","-1.01%"
"05/28/2024","601.69","603.80","605.48","594.29","294.76K","-0.35%"
"05/27/2024","603.80","600.29","614.00","599.69","237.52K","0.58%"
"05/26/2024","600.29","602.39","605.09","598.60","126.92K","-0.35%"
"05/25/2024","602.39","600.29","606.48","599.50","125.95K","0.35%"
"05/24/2024","600.29","599.40","605.29","588.42","261.90K","0.15%"
"05/23/2024","599.40","614.81","616.91","581.88","646.40K","-2.51%"
"05/22/2024","614.81","618.61","626.02","610.11","424.15K","-0.61%"
"05/21/2024","618.61","599.92","629.98","594.01","1.07M","3.11%"
"05/20/2024","599.92","574.60","601.90","569.40","483.68K","4.41%"
"05/19/2024","574.60","580.30","581.80","572.11","145.23K","-0.98%"
"05/18/2024","580.30","580.99","581.90","574.31","172.31K","-0.10%"
"05/17/2024","580.90","569.20","584.50","568.80","243.71K","2.06%"
"05/16/2024","569.20","580.91","586.39","565.40","421.22K","-2.03%"
"05/15/2024","581.00","567.09","587.19","561.21","417.81K","2.45%"
"05/14/2024","567.09","591.69","593.07","562.74","470.57K","-4.16%"
"05/13/2024","591.69","594.78","598.00","585.67","413.16K","-0.52%"
"05/12/2024","594.78","592.20","599.38","587.61","199.93K","0.44%"
"05/11/2024","592.20","585.60","594.40","581.52","219.29K","1.13%"
"05/10/2024","585.60","596.69","596.99","582.13","307.59K","-1.86%"
"05/09/2024","596.69","588.60","603.31","586.71","485.18K","1.37%"
"05/08/2024","588.60","576.53","589.80","575.37","309.13K","1.97%"
"05/07/2024","577.21","588.20","600.11","576.31","300.02K","-1.87%"
"05/06/2024","588.20","591.80","601.90","583.33","288.74K","-0.61%"
"05/05/2024","591.80","585.58","594.89","579.78","188.12K","1.06%"
"05/04/2024","585.58","586.81","593.40","582.81","208.69K","-0.21%"
"05/03/2024","586.79","560.40","589.69","559.10","355.70K","4.71%"
"05/02/2024","560.40","561.90","565.69","542.65","376.32K","-0.27%"
"05/01/2024","561.90","578.41","580.21","537.50","709.21K","-2.85%"
"04/30/2024","578.41","592.71","603.83","556.01","818.08K","-2.41%"
"04/29/2024","592.71","600.39","602.80","582.26","348.95K","-1.28%"
"04/28/2024","600.39","596.18","608.19","596.18","267.83K","0.71%"
"04/27/2024","596.18","597.89","599.49","586.00","279.67K","-0.29%"
"04/26/2024","597.89","613.39","614.99","597.20","313.08K","-2.53%"
"04/25/2024","613.39","608.67","617.88","601.27","475.43K","0.77%"
"04/24/2024","608.67","606.19","618.33","593.64","707.11K","0.41%"
"04/23/2024","606.19","604.52","616.60","598.95","601.60K","0.28%"
"04/22/2024","604.52","579.60","608.41","578.51","550.27K","4.30%"
"04/21/2024","579.60","570.70","582.18","566.60","286.16K","1.54%"
"04/20/2024","570.80","554.09","574.09","549.19","251.08K","3.02%"
"04/19/2024","554.09","552.07","564.17","525.92","580.02K","0.37%"
"04/18/2024","552.07","534.32","555.52","527.25","667.50K","3.32%"
"04/17/2024","534.32","537.51","547.69","513.40","686.21K","-0.60%"
"04/16/2024","537.53","552.41","553.90","523.32","653.50K","-2.69%"
"04/15/2024","552.40","566.50","585.39","545.75","733.20K","-2.49%"
"04/14/2024","566.50","553.03","570.10","536.70","1.01M","2.52%"
"04/13/2024","552.56","595.68","600.07","510.84","1.87M","-7.22%"
"04/12/2024","595.59","604.61","627.68","575.15","1.63M","-1.49%"
"04/11/2024","604.61","609.82","617.81","592.10","628.33K","-0.86%"
"04/10/2024","609.82","580.50","610.21","573.69","850.79K","5.05%"
"04/09/2024","580.50","586.31","589.90","571.95","612.35K","-0.99%"
"04/08/2024","586.32","584.00","600.89","577.82","503.86K","0.40%"
"04/07/2024","584.00","585.59","590.80","578.51","275.59K","-0.29%"
"04/06/2024","585.69","577.89","590.68","575.39","236.59K","1.35%"
"04/05/2024","577.90","585.25","591.24","564.66","685.17K","-1.25%"
"04/04/2024","585.23","561.54","597.54","560.96","968.77K","4.25%"
"04/03/2024","561.35","550.80","567.81","539.70","736.62K","1.92%"
"04/02/2024","550.80","576.10","578.10","546.33","1.06M","-4.39%"
"04/01/2024","576.10","606.69","607.59","569.10","754.09K","-5.07%"
"03/31/2024","606.89","600.79","608.69","600.59","333.98K","1.02%"
"03/30/2024","600.79","612.47","612.58","596.97","535.11K","-1.91%"
"03/29/2024","612.47","583.10","619.89","582.21","1.10M","5.04%"
"03/28/2024","583.10","574.21","591.47","574.21","543.46K","1.55%"
"03/27/2024","574.21","580.45","585.17","564.51","566.34K","-1.07%"
"03/26/2024","580.45","587.07","596.96","571.89","625.10K","-1.13%"
"03/25/2024","587.11","567.80","597.68","565.00","874.48K","3.42%"
"03/24/2024","567.70","552.10","572.79","549.00","465.77K","2.83%"
"03/23/2024","552.10","553.53","567.67","544.39","634.68K","-0.26%"
"03/22/2024","553.53","553.79","587.68","535.61","1.26M","-0.05%"
"03/21/2024","553.79","556.60","570.80","541.01","992.52K","-0.50%"
"03/20/2024","556.60","508.06","558.90","500.51","1.48M","9.55%"
"03/19/2024","508.06","555.49","560.29","498.61","2.62M","-8.54%"
"03/18/2024","555.49","571.69","586.88","540.54","2.32M","-2.83%"
"03/17/2024","571.69","576.52","590.11","550.23","1.76M","-0.84%"
"03/16/2024","576.52","632.06","641.80","567.93","1.85M","-8.79%"
"03/15/2024","632.06","603.30","634.45","548.34","3.13M","4.77%"
"03/14/2024","603.30","630.36","631.39","565.93","2.17M","-4.29%"
"03/13/2024","630.36","537.69","632.53","531.80","2.57M","17.23%"
"03/12/2024","537.69","522.89","547.40","520.30","1.98M","2.99%"
"03/11/2024","522.11","529.10","532.99","507.33","1.64M","-1.32%"
"03/10/2024","529.10","488.30","536.54","485.00","1.97M","8.35%"
"03/09/2024","488.30","485.80","493.68","481.21","867.20K","0.37%"
"03/08/2024","486.51","474.50","489.38","463.81","1.69M","2.45%"
"03/07/2024","474.90","429.29","476.48","423.40","1.69M","10.65%"
"03/06/2024","429.19","394.29","434.26","385.90","1.85M","8.85%"
"03/05/2024","394.29","418.40","427.10","362.15","2.11M","-5.76%"
"03/04/2024","418.40","414.50","423.40","410.70","1.06M","0.89%"
"03/03/2024","414.70","410.89","416.50","402.90","851.04K","0.93%"
"03/02/2024","410.89","407.30","414.69","405.91","599.60K","0.88%"
"03/01/2024","407.30","399.10","408.48","399.00","595.45K","2.05%"
"02/29/2024","399.10","414.62","419.38","391.24","1.16M","-3.74%"
"02/28/2024","414.62","394.60","426.79","394.30","1.39M","5.02%"
"02/27/2024","394.80","401.60","403.69","390.11","932.13K","-1.69%"
"02/26/2024","401.60","388.50","404.49","382.10","1.23M","3.37%"
"02/25/2024","388.50","381.70","390.80","378.00","653.45K","1.78%"
"02/24/2024","381.70","375.50","383.30","371.80","451.45K","1.65%"
"02/23/2024","375.50","382.69","385.70","369.20","1.04M","-1.88%"
"02/22/2024","382.69","379.19","387.09","374.01","1.43M","0.95%"
"02/21/2024","379.09","354.51","379.30","351.01","1.73M","6.94%"
"02/20/2024","354.51","351.70","360.80","345.32","990.06K","0.80%"
"02/19/2024","351.70","349.60","356.10","349.40","840.10K","0.60%"
"02/18/2024","349.60","352.90","358.10","349.31","503.35K","-0.93%"
"02/17/2024","352.90","360.60","363.40","348.41","639.39K","-2.14%"
"02/16/2024","360.60","354.20","365.90","351.20","1.07M","1.81%"
"02/15/2024","354.20","333.80","366.10","333.30","1.38M","6.08%"
"02/14/2024","333.90","324.70","334.50","323.50","458.37K","2.84%"
"02/13/2024","324.70","327.90","329.10","319.30","452.83K","-0.98%"
"02/12/2024","327.90","320.70","331.40","315.70","586.06K","2.25%"
"02/11/2024","320.70","323.10","324.80","320.10","283.16K","-0.74%"
"02/10/2024","323.10","323.90","325.30","319.10","326.70K","-0.25%"
"02/09/2024","323.90","318.89","325.99","318.00","750.87K","1.57%"
"02/08/2024","318.89","307.41","320.49","307.41","944.54K","3.74%"
"02/07/2024","307.41","302.80","308.70","300.80","362.21K","1.52%"
"02/06/2024","302.80","301.20","303.70","300.90","265.76K","0.53%"
"02/05/2024","301.20","304.60","306.80","299.70","495.71K","-1.12%"
"02/04/2024","304.60","299.60","307.70","298.00","509.04K","1.67%"
"02/03/2024","299.60","301.40","303.70","299.60","202.13K","-0.60%"
"02/02/2024","301.40","300.20","304.90","299.90","314.38K","0.43%"
"02/01/2024","300.10","300.50","302.10","296.61","381.47K","-0.13%"
"01/31/2024","300.50","307.79","308.00","298.90","464.44K","-2.34%"
"01/30/2024","307.70","310.70","313.10","306.50","393.66K","-0.97%"
"01/29/2024","310.70","305.30","310.90","304.41","450.35K","1.77%"
"01/28/2024","305.30","305.70","308.90","303.20","420.26K","-0.13%"
"01/27/2024","305.70","302.30","307.50","301.90","295.98K","1.12%"
"01/26/2024","302.30","291.80","304.10","290.80","725.63K","3.60%"
"01/25/2024","291.80","293.10","296.30","287.60","1.02M","-0.44%"
"01/24/2024","293.10","298.80","300.60","290.50","813.89K","-1.91%"
"01/23/2024","298.80","306.00","311.60","290.52","947.32K","-2.35%"
"01/22/2024","306.00","318.59","320.20","304.01","716.82K","-3.95%"
"01/21/2024","318.59","317.30","321.70","316.11","366.63K","0.41%"
"01/20/2024","317.30","314.69","317.30","312.30","331.21K","0.83%"
"01/19/2024","314.69","312.91","316.07","306.12","861.03K","0.57%"
"01/18/2024","312.91","309.39","315.40","305.70","933.48K","1.17%"
"01/17/2024","309.30","315.11","316.20","307.19","1.11M","-1.84%"
"01/16/2024","315.11","317.59","319.29","313.20","980.65K","-0.78%"
"01/15/2024","317.59","299.41","319.79","299.41","1.74M","6.07%"
"01/14/2024","299.41","302.10","306.60","298.81","405.33K","-0.89%"
"01/13/2024","302.10","296.80","303.00","291.00","445.06K","1.79%"
"01/12/2024","296.80","308.30","312.90","290.11","1.02M","-3.73%"
"01/11/2024","308.30","305.40","316.70","301.62","1.20M","0.95%"
"01/10/2024","305.40","301.10","309.70","289.02","1.05M","1.46%"
"01/09/2024","301.00","303.60","306.70","296.20","1.42M","-0.86%"
"01/08/2024","303.60","302.30","308.00","290.50","998.88K","0.43%"
"01/07/2024","302.30","307.59","309.90","300.11","504.95K","-1.63%"
"01/06/2024","307.30","317.30","317.50","300.20","921.53K","-3.15%"
"01/05/2024","317.30","323.60","327.10","308.71","1.17M","-1.98%"
"01/04/2024","323.70","315.82","324.29","311.01","1.15M","2.49%"
"01/03/2024","315.82","312.19","333.69","295.60","2.19M","1.16%"
"01/02/2024","312.19","313.51","321.00","307.01","953.52K","-0.42%"
"01/01/2024","313.51","312.00","315.90","307.20","628.46K","0.48%"
"12/31/2023","312.00","316.60","325.40","308.32","677.55K","-1.45%"
"12/30/2023","316.60","313.60","320.50","312.50","571.00K","0.96%"
"12/29/2023","313.60","322.80","325.40","307.84","1.43M","-2.85%"
"12/28/2023","322.80","324.09","337.89","320.30","2.29M","-0.37%"
"12/27/2023","323.99","297.80","324.00","285.31","2.16M","8.79%"
"12/26/2023","297.80","266.80","303.00","264.32","2.42M","11.62%"
"12/25/2023","266.80","264.40","268.00","261.71","477.85K","0.91%"
"12/24/2023","264.40","270.80","272.50","262.10","583.96K","-2.36%"
"12/23/2023","270.80","270.90","272.00","265.80","414.92K","-0.04%"
"12/22/2023","270.90","271.50","276.20","265.00","987.24K","-0.22%"
"12/21/2023","271.50","260.20","274.69","256.30","1.31M","4.34%"
"12/20/2023","260.20","252.89","261.70","250.50","1.14M","2.89%"
"12/19/2023","252.89","241.69","254.69","241.40","1.61M","4.63%"
"12/18/2023","241.69","239.00","241.69","232.11","892.28K","1.12%"
"12/17/2023","239.00","244.40","244.50","238.90","474.54K","-2.21%"
"12/16/2023","244.40","244.91","248.10","243.21","456.32K","-0.21%"
"12/15/2023","244.91","253.30","253.30","243.31","672.51K","-3.35%"
"12/14/2023","253.40","252.10","254.00","248.12","834.25K","0.51%"
"12/13/2023","252.10","254.40","255.89","244.31","1.18M","-0.90%"
"12/12/2023","254.39","246.41","257.00","245.70","1.91M","3.24%"
"12/11/2023","246.41","239.70","247.48","228.99","2.06M","2.80%"
"12/10/2023","239.70","237.50","241.39","237.00","442.96K","0.93%"
"12/09/2023","237.50","238.80","245.20","236.50","856.78K","-0.55%"
"12/08/2023","238.80","232.70","239.90","232.40","780.76K","2.62%"
"12/07/2023","232.70","229.59","234.70","228.60","807.42K","1.35%"
"12/06/2023","229.59","231.20","234.70","228.81","873.94K","-0.69%"
"12/05/2023","231.20","233.50","234.90","228.20","874.43K","-0.99%"
"12/04/2023","233.50","228.10","236.80","226.00","1.50M","2.37%"
"12/03/2023","228.10","229.10","231.70","226.11","602.39K","-0.44%"
"12/02/2023","229.10","228.50","230.10","226.40","463.45K","0.26%"
"12/01/2023","228.50","227.60","230.00","227.00","431.53K","0.39%"
"11/30/2023","227.60","227.30","229.20","226.00","366.36K","0.13%"
"11/29/2023","227.30","229.60","231.20","226.20","423.80K","-1.00%"
"11/28/2023","229.60","227.30","231.70","224.30","552.68K","1.01%"
"11/27/2023","227.30","231.60","232.90","222.90","841.60K","-1.86%"
"11/26/2023","231.60","234.50","234.50","228.70","442.65K","-1.24%"
"11/25/2023","234.50","232.80","235.60","232.40","317.79K","0.73%"
"11/24/2023","232.80","233.80","236.40","231.60","623.61K","-0.39%"
"11/23/2023","233.70","236.10","239.00","230.50","729.59K","-1.02%"
"11/22/2023","236.10","225.70","238.30","225.21","1.82M","4.61%"
"11/21/2023","225.70","253.10","271.14","224.11","4.11M","-10.83%"
"11/20/2023","253.10","246.31","267.71","240.18","1.57M","2.76%"
"11/19/2023","246.31","244.80","246.80","241.90","392.99K","0.62%"
"11/18/2023","244.80","244.89","245.20","238.80","497.98K","0.00%"
"11/17/2023","244.79","242.70","245.90","238.51","776.22K","0.86%"
"11/16/2023","242.70","253.79","255.60","240.30","1.11M","-4.37%"
"11/15/2023","253.79","242.20","254.20","242.10","936.47K","4.79%"
"11/14/2023","242.20","241.19","249.38","235.42","1.02M","0.42%"
"11/13/2023","241.19","247.40","250.19","240.30","976.30K","-2.51%"
"11/12/2023","247.40","251.59","251.90","245.44","656.51K","-1.67%"
"11/11/2023","251.59","251.10","255.19","246.20","761.82K","0.28%"
"11/10/2023","250.90","251.70","257.90","248.21","837.13K","-0.32%"
"11/09/2023","251.70","246.71","255.60","241.70","1.36M","2.02%"
"11/08/2023","246.71","246.30","248.09","244.30","513.26K","0.17%"
"11/07/2023","246.30","255.10","255.49","242.30","896.21K","-3.45%"
"11/06/2023","255.09","244.00","255.50","241.70","870.25K","4.54%"
"11/05/2023","244.00","237.10","245.50","236.10","631.92K","2.91%"
"11/04/2023","237.10","230.30","238.60","229.30","400.42K","2.95%"
"11/03/2023","230.30","231.80","232.40","225.90","513.43K","-0.65%"
"11/02/2023","231.80","227.90","233.40","227.50","855.20K","1.71%"
"11/01/2023","227.90","226.30","229.29","222.60","592.52K","0.71%"
"10/31/2023","226.30","227.90","229.29","224.00","477.45K","-0.70%"
"10/30/2023","227.90","227.00","229.10","224.80","412.06K","0.40%"
"10/29/2023","227.00","225.70","228.10","223.70","277.32K","0.58%"
"10/28/2023","225.70","224.40","228.29","224.20","360.35K","0.58%"
"10/27/2023","224.40","223.20","230.77","219.90","1.00M","0.54%"
"10/26/2023","223.20","222.10","228.00","219.49","754.09K","0.49%"
"10/25/2023","222.10","225.10","229.00","221.70","637.80K","-1.33%"
"10/24/2023","225.10","228.30","237.49","222.11","1.05M","-1.40%"
"10/23/2023","228.30","217.80","230.40","217.00","864.75K","4.82%"
"10/22/2023","217.80","214.10","218.10","213.60","299.88K","1.73%"
"10/21/2023","214.10","212.10","215.70","211.40","268.38K","0.94%"
"10/20/2023","212.10","211.10","216.39","210.60","355.28K","0.47%"
"10/19/2023","211.10","210.20","211.40","208.20","281.51K","0.43%"
"10/18/2023","210.20","211.50","213.70","209.90","268.39K","-0.62%"
"10/17/2023","211.50","214.70","214.90","209.60","385.04K","-1.49%"
"10/16/2023","214.70","209.80","218.79","209.60","791.11K","2.34%"
"10/15/2023","209.80","206.60","210.20","206.40","373.51K","1.55%"
"10/14/2023","206.60","206.00","207.10","205.70","145.74K","0.29%"
"10/13/2023","206.00","205.30","208.10","204.31","339.61K","0.34%"
"10/12/2023","205.30","206.59","207.08","203.01","372.65K","-0.63%"
"10/11/2023","206.59","208.50","208.80","204.60","413.46K","-0.92%"
"10/10/2023","208.50","205.80","210.87","205.70","593.77K","1.31%"
"10/09/2023","205.80","211.40","212.20","202.99","586.60K","-2.65%"
"10/08/2023","211.40","212.30","212.70","209.11","231.46K","-0.42%"
"10/07/2023","212.30","213.40","213.80","211.50","129.45K","-0.52%"
"10/06/2023","213.40","210.70","214.40","210.20","261.99K","1.28%"
"10/05/2023","210.70","213.40","213.80","210.30","263.71K","-1.17%"
"10/04/2023","213.20","213.50","213.70","210.80","334.58K","-0.14%"
"10/03/2023","213.50","214.60","215.80","212.70","303.08K","-0.51%"
"10/02/2023","214.60","218.00","221.40","213.11","580.04K","-1.56%"
"10/01/2023","218.00","214.50","219.20","213.20","420.80K","1.63%"
"09/30/2023","214.50","215.20","216.40","214.30","181.72K","-0.32%"
"09/29/2023","215.20","215.00","217.49","214.30","377.76K","0.09%"
"09/28/2023","215.00","212.00","216.90","211.60","401.79K","1.41%"
"09/27/2023","212.00","212.60","216.00","210.60","416.66K","-0.28%"
"09/26/2023","212.60","210.00","213.60","209.70","289.38K","1.24%"
"09/25/2023","210.00","208.30","210.50","207.00","278.85K","0.82%"
"09/24/2023","208.30","210.50","211.20","207.01","189.72K","-1.05%"
"09/23/2023","210.50","211.00","211.60","209.90","120.47K","-0.24%"
"09/22/2023","211.00","210.80","212.10","209.80","242.74K","0.09%"
"09/21/2023","210.80","214.30","215.10","209.21","422.87K","-1.64%"
"09/20/2023","214.30","217.20","217.80","213.50","380.15K","-1.33%"
"09/19/2023","217.20","216.00","219.60","215.50","355.33K","0.56%"
"09/18/2023","216.00","216.40","221.20","215.20","610.23K","-0.18%"
"09/17/2023","216.40","214.90","216.70","213.40","336.71K","0.70%"
"09/16/2023","214.90","214.10","215.80","213.40","293.31K","0.37%"
"09/15/2023","214.10","212.20","215.00","211.10","317.44K","0.90%"
"09/14/2023","212.20","212.60","214.90","211.20","362.54K","-0.19%"
"09/13/2023","212.60","210.80","213.20","209.30","309.62K","0.90%"
"09/12/2023","210.70","206.20","213.80","205.10","534.62K","2.18%"
"09/11/2023","206.20","212.40","212.70","204.19","590.56K","-2.92%"
"09/10/2023","212.40","214.10","214.30","211.31","287.17K","-0.80%"
"09/09/2023","214.10","214.70","215.40","214.10","97.33K","-0.28%"
"09/08/2023","214.70","217.10","218.40","213.40","242.28K","-1.11%"
"09/07/2023","217.10","215.20","217.80","213.60","253.37K","0.88%"
"09/06/2023","215.20","214.60","218.04","212.20","308.24K","0.28%"
"09/05/2023","214.60","215.20","216.00","213.60","249.61K","-0.28%"
"09/04/2023","215.20","214.40","216.49","213.10","313.83K","0.42%"
"09/03/2023","214.30","214.50","215.10","213.20","172.57K","-0.09%"
"09/02/2023","214.50","213.70","215.69","213.00","212.81K","0.37%"
"09/01/2023","213.70","216.80","218.00","211.42","475.08K","-1.38%"
"08/31/2023","216.70","223.80","225.78","215.11","465.26K","-3.17%"
"08/30/2023","223.80","226.90","227.19","221.80","313.38K","-1.37%"
"08/29/2023","226.90","218.80","233.50","217.00","691.52K","3.70%"
"08/28/2023","218.80","218.30","219.20","215.60","318.23K","0.23%"
"08/27/2023","218.30","216.50","219.70","215.90","191.66K","0.83%"
"08/26/2023","216.50","218.40","219.19","216.10","150.04K","-0.87%"
"08/25/2023","218.40","219.00","219.50","213.91","394.29K","-0.27%"
"08/24/2023","219.00","216.70","220.50","215.70","381.06K","1.06%"
"08/23/2023","216.70","210.90","218.60","210.80","662.95K","2.75%"
"08/22/2023","210.90","210.40","212.70","203.80","897.16K","0.24%"
"08/21/2023","210.40","216.50","216.80","206.70","801.42K","-2.82%"
"08/20/2023","216.50","216.90","217.90","215.40","194.55K","-0.18%"
"08/19/2023","216.90","216.10","219.20","214.10","330.47K","0.37%"
"08/18/2023","216.10","218.09","220.30","213.50","692.77K","-0.92%"
"08/17/2023","218.09","232.10","232.40","214.29","1.05M","-6.03%"
"08/16/2023","232.10","236.89","237.40","231.01","436.00K","-2.03%"
"08/15/2023","236.89","240.50","240.70","235.01","409.00K","-1.50%"
"08/14/2023","240.50","240.20","241.40","239.80","204.83K","0.12%"
"08/13/2023","240.20","240.30","241.80","239.90","135.86K","0.00%"
"08/12/2023","240.20","239.70","241.20","239.30","117.72K","0.21%"
"08/11/2023","239.70","241.40","242.30","238.30","296.24K","-0.70%"
"08/10/2023","241.40","243.80","244.10","240.50","267.63K","-0.99%"
"08/09/2023","243.80","245.20","245.50","242.80","299.88K","-0.57%"
"08/08/2023","245.20","242.10","247.87","241.50","387.51K","1.28%"
"08/07/2023","242.10","243.20","244.80","239.70","310.96K","-0.45%"
"08/06/2023","243.20","243.30","245.50","242.80","282.60K","-0.04%"
"08/05/2023","243.30","241.70","243.30","240.20","179.81K","0.62%"
"08/04/2023","241.80","241.10","243.40","240.70","280.68K","0.29%"
"08/03/2023","241.10","240.70","241.90","238.50","311.31K","0.17%"
"08/02/2023","240.70","247.79","248.79","235.90","652.40K","-2.86%"
"08/01/2023","247.79","240.90","247.79","238.10","832.08K","2.86%"
"07/31/2023","240.90","242.50","244.40","240.70","339.76K","-0.66%"
"07/30/2023","242.50","242.50","243.80","240.60","260.86K","0.00%"
"07/29/2023","242.50","241.90","242.89","241.10","104.85K","0.25%"
"07/28/2023","241.90","240.70","242.90","239.71","237.92K","0.54%"
"07/27/2023","240.60","239.00","243.60","238.50","319.42K","0.67%"
"07/26/2023","239.00","237.80","240.30","236.50","328.86K","0.50%"
"07/25/2023","237.80","239.00","239.70","236.60","316.03K","-0.50%"
"07/24/2023","239.00","242.40","243.00","235.51","478.39K","-1.40%"
"07/23/2023","242.40","240.90","243.90","240.50","177.30K","0.62%"
"07/22/2023","240.90","243.80","244.80","240.20","189.81K","-1.19%"
"07/21/2023","243.80","242.70","245.20","242.20","306.09K","0.45%"
"07/20/2023","242.70","241.00","245.00","240.60","464.08K","0.71%"
"07/19/2023","241.00","240.20","244.00","239.81","460.83K","0.33%"
"07/18/2023","240.20","244.10","246.60","238.11","957.48K","-1.60%"
"07/17/2023","244.10","242.30","244.80","240.11","811.67K","0.74%"
"07/16/2023","242.30","250.90","252.00","242.20","443.13K","-3.43%"
"07/15/2023","250.90","248.10","252.50","247.10","393.00K","1.13%"
"07/14/2023","248.10","256.30","261.60","243.51","1.10M","-3.20%"
"07/13/2023","256.30","243.90","257.50","242.80","1.07M","5.09%"
"07/12/2023","243.90","248.69","250.39","242.70","613.17K","-1.93%"
"07/11/2023","248.69","246.10","249.40","244.70","677.47K","1.01%"
"07/10/2023","246.20","234.10","246.30","231.61","1.23M","5.17%"
"07/09/2023","234.10","236.30","237.00","233.20","242.91K","-0.93%"
"07/08/2023","236.30","235.60","237.59","234.30","269.16K","0.30%"
"07/07/2023","235.60","232.29","236.10","231.49","451.07K","1.42%"
"07/06/2023","232.29","238.90","244.29","231.68","702.32K","-2.77%"
"07/05/2023","238.90","242.40","243.89","236.76","541.97K","-1.44%"
"07/04/2023","242.40","246.30","246.89","240.70","510.14K","-1.59%"
"07/03/2023","246.30","246.40","253.67","245.60","893.57K","-0.04%"
"07/02/2023","246.40","247.80","248.40","243.10","615.55K","-0.56%"
"07/01/2023","247.80","240.40","248.80","240.30","743.30K","3.08%"
"06/30/2023","240.40","233.10","241.68","231.82","877.06K","3.13%"
"06/29/2023","233.10","230.60","236.50","230.50","364.98K","1.13%"
"06/28/2023","230.50","237.50","237.50","225.90","668.63K","-2.95%"
"06/27/2023","237.50","236.09","240.79","234.50","374.61K","0.59%"
"06/26/2023","236.09","238.89","241.20","233.79","551.40K","-1.17%"
"06/25/2023","238.89","236.39","241.90","235.30","544.58K","1.01%"
"06/24/2023","236.49","244.20","248.49","231.10","830.76K","-3.16%"
"06/23/2023","244.20","240.80","249.38","239.70","667.76K","1.41%"
"06/22/2023","240.80","248.90","256.79","239.50","1.07M","-3.29%"
"06/21/2023","249.00","247.70","253.91","245.20","1.05M","0.52%"
"06/20/2023","247.70","243.00","247.99","238.70","667.12K","1.94%"
"06/19/2023","243.00","244.10","244.70","238.89","443.84K","-0.45%"
"06/18/2023","244.10","244.60","248.50","242.60","373.87K","-0.20%"
"06/17/2023","244.60","239.38","249.50","237.29","511.26K","2.18%"
"06/16/2023","239.38","236.49","243.17","232.49","596.48K","1.22%"
"06/15/2023","236.49","237.89","240.60","230.70","645.96K","-0.59%"
"06/14/2023","237.89","244.19","252.10","233.73","1.03M","-2.58%"
"06/13/2023","244.19","231.29","246.53","228.90","1.30M","5.58%"
"06/12/2023","231.29","235.39","238.79","221.40","1.66M","-1.74%"
"06/11/2023","235.39","238.70","239.29","233.64","430.82K","-1.39%"
"06/10/2023","238.70","260.51","260.70","230.76","1.68M","-8.37%"
"06/09/2023","260.51","261.91","264.29","255.91","536.35K","-0.54%"
"06/08/2023","261.91","259.21","267.20","257.33","616.61K","1.04%"
"06/07/2023","259.21","281.10","281.60","254.65","1.24M","-7.79%"
"06/06/2023","281.11","277.10","285.60","273.40","742.08K","1.45%"
"06/05/2023","277.10","305.10","305.10","272.41","1.14M","-9.18%"
"06/04/2023","305.10","306.60","307.60","304.81","192.73K","-0.49%"
"06/03/2023","306.60","307.30","308.10","305.30","162.09K","-0.23%"
"06/02/2023","307.30","304.80","308.40","303.50","309.77K","0.82%"
"06/01/2023","304.80","306.70","307.50","303.30","263.13K","-0.62%"
"05/31/2023","306.70","311.40","311.80","305.01","448.98K","-1.51%"
"05/30/2023","311.40","311.60","314.10","310.90","299.81K","-0.07%"
"05/29/2023","311.60","314.10","316.90","310.50","474.21K","-0.80%"
"05/28/2023","314.10","307.40","314.41","306.80","266.78K","2.18%"
"05/27/2023","307.40","306.90","307.70","304.10","150.06K","0.16%"
"05/26/2023","306.90","304.60","308.40","301.71","409.72K","0.75%"
"05/25/2023","304.60","305.90","306.80","302.50","295.39K","-0.42%"
"05/24/2023","305.90","313.50","313.60","303.81","302.10K","-2.42%"
"05/23/2023","313.50","309.10","315.30","309.10","234.96K","1.42%"
"05/22/2023","309.10","306.41","311.10","304.50","231.13K","0.88%"
"05/21/2023","306.41","310.70","311.60","305.83","149.16K","-1.38%"
"05/20/2023","310.70","308.90","311.90","307.80","110.11K","0.58%"
"05/19/2023","308.90","309.40","311.39","307.70","198.26K","-0.16%"
"05/18/2023","309.40","314.29","314.80","306.21","245.41K","-1.56%"
"05/17/2023","314.29","311.30","314.30","307.20","229.04K","0.96%"
"05/16/2023","311.30","313.40","314.00","309.40","190.08K","-0.67%"
"05/15/2023","313.40","312.09","316.20","310.70","208.51K","0.42%"
"05/14/2023","312.09","310.71","314.70","309.50","199.43K","0.45%"
"05/13/2023","310.71","308.60","311.80","307.60","161.15K","0.68%"
"05/12/2023","308.60","307.50","309.00","301.30","339.08K","0.36%"
"05/11/2023","307.50","314.30","314.41","304.50","305.12K","-2.16%"
"05/10/2023","314.30","312.20","316.69","308.63","374.69K","0.67%"
"05/09/2023","312.21","313.79","315.79","311.20","272.70K","-0.50%"
"05/08/2023","313.79","320.90","321.99","311.22","398.34K","-2.22%"
"05/07/2023","320.90","321.90","325.39","320.50","214.88K","-0.31%"
"05/06/2023","321.90","326.50","328.38","319.59","288.80K","-1.41%"
"05/05/2023","326.50","323.80","329.09","323.34","299.47K","0.83%"
"05/04/2023","323.80","325.90","327.40","323.21","205.93K","-0.65%"
"05/03/2023","325.90","321.51","327.50","320.60","631.22K","1.37%"
"05/02/2023","321.51","328.60","328.60","321.51","451.59K","-2.16%"
"05/01/2023","328.60","337.58","339.49","326.21","748.76K","-2.66%"
"04/30/2023","337.58","321.90","338.19","320.41","735.13K","4.87%"
"04/29/2023","321.90","324.00","324.70","321.30","236.60K","-0.68%"
"04/28/2023","324.10","330.70","330.79","319.00","1.02M","-2.00%"
"04/27/2023","330.70","330.50","336.39","328.71","500.35K","0.06%"
"04/26/2023","330.50","338.39","344.90","323.86","700.74K","-2.33%"
"04/25/2023","338.39","331.10","339.80","328.60","452.97K","2.20%"
"04/24/2023","331.10","330.60","333.70","328.09","457.10K","0.12%"
"04/23/2023","330.70","332.08","332.39","327.40","397.91K","-0.42%"
"04/22/2023","332.08","321.30","333.09","319.90","396.60K","3.35%"
"04/21/2023","321.30","318.09","332.57","315.82","948.48K","1.01%"
"04/20/2023","318.09","322.40","326.70","315.50","385.17K","-1.34%"
"04/19/2023","322.40","343.00","343.70","320.39","562.93K","-6.01%"
"04/18/2023","343.00","340.00","346.48","337.20","407.35K","0.88%"
"04/17/2023","340.00","347.70","350.00","337.71","578.69K","-2.21%"
"04/16/2023","347.70","333.00","349.91","330.20","656.26K","4.41%"
"04/15/2023","333.00","328.81","335.90","327.01","433.13K","1.28%"
"04/14/2023","328.80","324.60","335.31","323.41","705.88K","1.29%"
"04/13/2023","324.60","319.90","324.80","317.81","359.08K","1.50%"
"04/12/2023","319.80","322.21","323.21","316.81","368.20K","-0.75%"
"04/11/2023","322.21","318.59","333.00","317.80","686.32K","1.14%"
"04/10/2023","318.59","312.80","318.59","311.70","280.32K","1.85%"
"04/09/2023","312.80","310.50","313.50","309.70","170.37K","0.74%"
"04/08/2023","310.50","310.40","312.69","310.20","173.42K","0.03%"
"04/07/2023","310.40","312.29","312.70","309.80","187.97K","-0.58%"
"04/06/2023","312.19","314.00","314.80","310.70","243.25K","-0.58%"
"04/05/2023","314.00","310.80","316.69","310.30","332.01K","1.03%"
"04/04/2023","310.80","308.60","312.48","308.20","320.39K","0.72%"
"04/03/2023","308.60","313.81","314.10","299.91","474.36K","-1.66%"
"04/02/2023","313.81","314.90","316.11","311.09","157.05K","-0.35%"
"04/01/2023","314.90","317.10","318.60","313.20","192.47K","-0.69%"
"03/31/2023","317.10","316.40","319.70","313.61","278.30K","0.22%"
"03/30/2023","316.40","313.80","318.55","309.38","516.97K","0.83%"
"03/29/2023","313.80","313.30","319.69","312.40","346.41K","0.16%"
"03/28/2023","313.30","310.51","315.59","306.90","346.99K","0.84%"
"03/27/2023","310.70","328.50","329.60","306.10","605.70K","-5.45%"
"03/26/2023","328.60","322.50","329.38","321.70","215.41K","1.89%"
"03/25/2023","322.50","321.99","324.80","319.15","331.44K","0.21%"
"03/24/2023","321.81","329.31","329.99","317.30","328.26K","-2.28%"
"03/23/2023","329.31","321.20","331.80","319.20","402.49K","2.52%"
"03/22/2023","321.20","334.31","339.29","316.51","1.32M","-3.92%"
"03/21/2023","334.31","332.40","339.79","327.31","493.62K","0.57%"
"03/20/2023","332.40","336.57","338.99","331.69","533.29K","-1.24%"
"03/19/2023","336.57","331.01","341.20","330.80","420.67K","1.68%"
"03/18/2023","331.01","338.88","345.99","329.14","688.76K","-2.32%"
"03/17/2023","338.88","329.39","339.89","326.09","755.89K","2.88%"
"03/16/2023","329.39","306.30","332.40","303.01","1.30M","7.54%"
"03/15/2023","306.30","308.59","312.69","300.52","433.50K","-0.74%"
"03/14/2023","308.59","307.89","319.18","302.20","735.13K","0.26%"
"03/13/2023","307.80","287.99","312.59","286.30","1.04M","6.88%"
"03/12/2023","287.99","275.99","288.11","273.41","332.20K","4.38%"
"03/11/2023","275.90","277.48","281.58","270.60","390.55K","-0.57%"
"03/10/2023","277.48","277.02","278.00","265.31","426.68K","0.00%"
"03/09/2023","277.49","286.99","291.29","271.44","339.22K","-3.31%"
"03/08/2023","286.99","289.30","293.89","285.21","273.96K","-0.80%"
"03/07/2023","289.30","287.90","290.40","283.63","213.08K","0.49%"
"03/06/2023","287.90","288.80","289.70","283.61","215.63K","-0.28%"
"03/05/2023","288.71","289.49","292.70","287.41","136.20K","-0.27%"
"03/04/2023","289.49","290.40","291.40","286.01","134.85K","-0.31%"
"03/03/2023","290.40","299.80","300.00","287.22","280.69K","-3.14%"
"03/02/2023","299.80","302.70","303.70","295.90","209.77K","-0.96%"
"03/01/2023","302.70","301.40","306.39","300.60","211.18K","0.43%"
"02/28/2023","301.39","304.70","305.60","300.11","196.89K","-1.09%"
"02/27/2023","304.70","308.69","309.40","300.70","244.63K","-1.30%"
"02/26/2023","308.70","302.40","309.60","300.71","158.94K","2.08%"
"02/25/2023","302.40","302.29","303.00","296.39","187.88K","0.04%"
"02/24/2023","302.29","308.30","311.90","298.91","342.01K","-1.95%"
"02/23/2023","308.30","312.70","314.99","305.90","313.71K","-1.41%"
"02/22/2023","312.70","311.50","312.80","303.69","383.41K","0.39%"
"02/21/2023","311.50","315.40","317.19","309.50","400.36K","-1.24%"
"02/20/2023","315.40","311.42","319.60","308.60","531.11K","1.03%"
"02/19/2023","312.19","316.50","318.59","311.00","348.89K","-1.36%"
"02/18/2023","316.50","313.10","318.88","313.10","294.04K","1.09%"
"02/17/2023","313.10","304.41","317.08","303.19","529.23K","2.85%"
"02/16/2023","304.41","317.50","327.09","304.11","891.63K","-4.12%"
"02/15/2023","317.50","296.20","317.59","294.11","483.43K","7.19%"
"02/14/2023","296.20","294.31","301.26","289.90","515.80K","0.64%"
"02/13/2023","294.31","312.60","315.30","283.00","1.11M","-5.85%"
"02/12/2023","312.60","310.50","320.79","306.29","304.93K","0.74%"
"02/11/2023","310.31","305.80","311.29","305.20","161.93K","1.44%"
"02/10/2023","305.89","306.19","309.10","302.80","308.56K","-0.10%"
"02/09/2023","306.19","328.20","329.20","303.27","584.31K","-6.70%"
"02/08/2023","328.20","333.10","335.67","323.80","295.99K","-1.47%"
"02/07/2023","333.10","324.10","333.60","323.42","276.96K","2.78%"
"02/06/2023","324.10","327.70","331.19","321.41","299.44K","-1.10%"
"02/05/2023","327.70","330.40","337.59","324.21","406.98K","-0.82%"
"02/04/2023","330.40","332.20","334.00","327.21","213.94K","-0.54%"
"02/03/2023","332.20","322.70","335.00","318.60","585.50K","2.94%"
"02/02/2023","322.70","316.90","334.10","316.40","594.26K","1.83%"
"02/01/2023","316.90","312.11","319.30","305.82","401.16K","1.54%"
"01/31/2023","312.11","307.10","314.00","305.40","286.17K","1.63%"
"01/30/2023","307.10","317.19","320.70","302.71","417.43K","-3.21%"
"01/29/2023","317.29","306.10","320.40","304.90","442.71K","3.59%"
"01/28/2023","306.30","307.99","313.39","303.81","237.85K","-0.55%"
"01/27/2023","307.99","304.90","310.40","299.41","279.35K","1.02%"
"01/26/2023","304.90","306.71","309.50","302.00","350.51K","-0.59%"
"01/25/2023","306.71","300.30","313.70","293.81","460.48K","2.13%"
"01/24/2023","300.30","305.20","323.00","299.71","647.05K","-1.61%"
"01/23/2023","305.20","303.10","307.70","301.21","305.82K","0.69%"
"01/22/2023","303.10","299.10","311.30","298.70","392.14K","1.37%"
"01/21/2023","299.00","305.10","309.80","298.70","513.43K","-2.00%"
"01/20/2023","305.10","294.60","305.30","286.81","430.19K","3.56%"
"01/19/2023","294.60","286.90","295.30","286.32","222.45K","2.68%"
"01/18/2023","286.90","299.30","305.00","281.72","639.91K","-4.14%"
"01/17/2023","299.30","299.10","305.40","296.25","287.83K","0.07%"
"01/16/2023","299.10","302.10","308.00","293.69","361.21K","-0.99%"
"01/15/2023","302.10","305.20","306.10","292.10","297.81K","-1.02%"
"01/14/2023","305.20","293.70","314.30","293.50","726.73K","3.92%"
"01/13/2023","293.70","287.70","295.50","285.00","320.90K","2.08%"
"01/12/2023","287.70","284.60","288.20","279.30","396.31K","1.09%"
"01/11/2023","284.60","277.20","286.79","274.30","269.53K","2.71%"
"01/10/2023","277.10","272.61","278.69","270.71","266.17K","1.65%"
"01/09/2023","272.61","274.61","283.40","271.40","448.39K","-0.73%"
"01/08/2023","274.61","261.30","274.92","260.30","241.53K","5.09%"
"01/07/2023","261.30","259.90","263.59","259.40","118.17K","0.54%"
"01/06/2023","259.90","256.60","260.69","254.90","204.29K","1.29%"
"01/05/2023","256.60","258.90","259.10","255.30","148.87K","-0.93%"
"01/04/2023","259.00","246.20","260.80","245.70","372.96K","5.20%"
"01/03/2023","246.20","245.30","246.90","244.60","115.83K","0.41%"
"01/02/2023","245.20","244.40","247.90","241.20","174.36K","0.33%"
"01/01/2023","244.40","246.10","246.70","243.50","110.05K","-0.69%"
"12/31/2022","246.10","245.80","247.90","244.90","135.16K","0.12%"
"12/30/2022","245.80","246.30","246.60","242.80","129.09K","-0.20%"
"12/29/2022","246.30","244.40","246.70","243.40","164.86K","0.78%"
"12/28/2022","244.40","246.60","247.10","241.90","212.71K","-0.89%"
"12/27/2022","246.60","244.30","248.10","242.30","198.69K","0.94%"
"12/26/2022","244.30","243.20","244.80","242.00","117.70K","0.45%"
"12/25/2022","243.20","244.50","245.80","241.50","126.34K","-0.53%"
"12/24/2022","244.50","246.20","246.20","243.80","99.07K","-0.69%"
"12/23/2022","246.20","245.90","248.40","244.00","179.05K","0.12%"
"12/22/2022","245.90","246.20","248.20","240.40","250.57K","-0.12%"
"12/21/2022","246.20","251.40","251.40","245.40","196.33K","-2.07%"
"12/20/2022","251.40","240.50","253.00","239.40","323.25K","4.54%"
"12/19/2022","240.50","251.00","253.20","237.69","413.64K","-4.18%"
"12/18/2022","251.00","242.00","253.50","239.70","530.96K","3.72%"
"12/17/2022","242.00","231.10","244.00","220.50","794.64K","4.72%"
"12/16/2022","231.10","258.60","264.40","226.09","886.19K","-10.64%"
"12/15/2022","258.60","267.70","268.00","256.60","354.61K","-3.40%"
"12/14/2022","267.70","272.20","278.30","265.80","586.48K","-1.65%"
"12/13/2022","272.20","276.10","281.20","256.20","1.32M","-1.41%"
"12/12/2022","276.10","284.50","285.70","272.71","511.26K","-2.95%"
"12/11/2022","284.50","288.20","291.19","283.50","209.48K","-1.25%"
"12/10/2022","288.10","286.10","289.80","285.80","149.78K","0.73%"
"12/09/2022","286.00","290.50","291.70","285.01","311.72K","-1.55%"
"12/08/2022","290.50","284.10","291.68","282.40","294.82K","2.25%"
"12/07/2022","284.10","290.20","290.69","281.60","376.67K","-2.10%"
"12/06/2022","290.20","288.41","290.69","286.82","259.55K","0.62%"
"12/05/2022","288.41","291.80","297.09","286.21","310.02K","-1.30%"
"12/04/2022","292.19","290.40","292.58","288.30","250.92K","0.62%"
"12/03/2022","290.40","293.50","294.29","290.00","242.27K","-1.06%"
"12/02/2022","293.50","292.10","293.80","285.70","375.98K","0.48%"
"12/01/2022","292.10","300.40","301.80","290.21","817.47K","-2.76%"
"11/30/2022","300.40","295.40","305.10","293.42","486.75K","1.69%"
"11/29/2022","295.39","293.50","305.18","289.22","438.79K","0.68%"
"11/28/2022","293.40","307.60","309.49","287.67","630.46K","-4.62%"
"11/27/2022","307.60","311.20","316.59","306.91","322.34K","-1.16%"
"11/26/2022","311.20","300.69","317.59","300.11","589.31K","3.59%"
"11/25/2022","300.41","300.11","305.16","294.41","481.05K","0.10%"
"11/24/2022","300.11","298.90","303.68","294.31","571.61K","0.47%"
"11/23/2022","298.69","266.68","301.29","265.00","1.26M","12.00%"
"11/22/2022","266.68","254.10","267.77","252.31","371.96K","4.95%"
"11/21/2022","254.10","264.21","264.99","250.60","603.90K","-3.89%"
"11/20/2022","264.39","272.61","273.79","262.02","319.52K","-3.01%"
"11/19/2022","272.61","271.21","273.99","270.60","202.45K","-0.15%"
"11/18/2022","273.00","268.51","274.79","268.51","288.04K","1.68%"
"11/17/2022","268.50","270.20","273.30","263.61","390.45K","-0.63%"
"11/16/2022","270.20","277.00","280.09","269.03","408.65K","-2.46%"
"11/15/2022","277.00","279.00","282.09","273.70","464.58K","-0.72%"
"11/14/2022","279.00","276.70","291.79","268.02","852.65K","0.83%"
"11/13/2022","276.70","282.69","286.39","273.69","467.74K","-2.12%"
"11/12/2022","282.69","290.20","291.83","271.90","563.53K","-2.59%"
"11/11/2022","290.20","304.01","305.79","279.75","715.64K","-4.54%"
"11/10/2022","304.01","266.91","312.00","263.90","1.45M","13.90%"
"11/09/2022","266.91","326.84","332.60","260.52","1.99M","-18.50%"
"11/08/2022","327.50","336.90","393.42","300.16","3.27M","-2.79%"
"11/07/2022","336.90","338.28","344.19","326.74","773.89K","-0.41%"
"11/06/2022","338.28","349.11","355.32","338.28","411.73K","-3.18%"
"11/05/2022","349.40","354.50","360.72","346.36","432.34K","-1.44%"
"11/04/2022","354.50","329.61","358.59","328.31","790.51K","7.55%"
"11/03/2022","329.61","320.20","338.21","318.11","652.49K","2.94%"
"11/02/2022","320.20","323.90","329.31","315.71","590.36K","-1.14%"
"11/01/2022","323.90","325.60","334.49","317.60","575.82K","-0.58%"
"10/31/2022","325.79","313.50","337.10","306.92","1.10M","3.92%"
"10/30/2022","313.50","304.40","318.60","302.40","570.88K","2.99%"
"10/29/2022","304.40","297.81","308.20","295.70","581.02K","2.21%"
"10/28/2022","297.81","286.70","300.81","285.82","436.30K","3.84%"
"10/27/2022","286.80","290.30","293.29","284.90","331.55K","-1.21%"
"10/26/2022","290.30","284.10","291.99","284.10","331.71K","2.18%"
"10/25/2022","284.10","274.10","289.70","272.10","407.25K","3.65%"
"10/24/2022","274.10","275.99","277.20","271.70","162.33K","-0.68%"
"10/23/2022","275.99","270.49","276.69","268.89","144.26K","2.03%"
"10/22/2022","270.49","270.00","271.10","268.40","89.93K","0.18%"
"10/21/2022","270.00","269.00","271.00","263.90","208.64K","0.37%"
"10/20/2022","269.00","272.09","273.30","267.69","176.43K","-1.14%"
"10/19/2022","272.10","273.19","273.79","270.40","161.82K","-0.40%"
"10/18/2022","273.19","275.70","276.00","270.21","206.23K","-0.91%"
"10/17/2022","275.70","272.50","275.90","270.00","197.49K","1.17%"
"10/16/2022","272.50","268.20","273.80","268.00","194.74K","1.60%"
"10/15/2022","268.20","269.50","271.30","267.60","152.00K","-0.48%"
"10/14/2022","269.50","271.70","276.69","268.11","312.39K","-0.81%"
"10/13/2022","271.70","270.81","273.69","257.05","574.01K","0.33%"
"10/12/2022","270.81","271.31","272.80","269.40","178.00K","-0.18%"
"10/11/2022","271.31","271.51","273.80","267.89","236.03K","-0.08%"
"10/10/2022","271.51","278.20","279.10","271.51","227.92K","-2.37%"
"10/09/2022","278.11","276.40","279.40","275.21","179.57K","0.65%"
"10/08/2022","276.30","282.41","282.70","275.60","194.35K","-2.16%"
"10/07/2022","282.41","287.00","287.00","279.78","371.13K","-1.60%"
"10/06/2022","287.00","294.10","297.90","279.48","470.76K","-2.41%"
"10/05/2022","294.10","296.30","296.30","289.41","230.54K","-0.74%"
"10/04/2022","296.30","287.00","298.19","286.30","336.49K","3.24%"
"10/03/2022","287.00","284.70","288.80","283.54","290.09K","0.91%"
"10/02/2022","284.41","282.91","287.80","279.69","213.31K","0.53%"
"10/01/2022","282.91","284.89","285.31","277.99","207.72K","-0.69%"
"09/30/2022","284.89","284.00","289.80","280.69","411.86K","0.31%"
"09/29/2022","284.00","281.60","285.49","277.30","317.64K","0.85%"
"09/28/2022","281.60","272.39","283.69","266.50","376.46K","3.38%"
"09/27/2022","272.40","276.11","286.31","269.61","425.49K","-1.34%"
"09/26/2022","276.11","274.11","276.61","270.90","280.45K","0.73%"
"09/25/2022","274.11","274.59","279.60","271.31","233.52K","-0.18%"
"09/24/2022","274.60","276.70","284.90","274.60","340.89K","-0.79%"
"09/23/2022","276.80","275.30","277.79","269.40","376.67K","0.54%"
"09/22/2022","275.30","264.49","276.20","263.51","353.19K","4.09%"
"09/21/2022","264.49","266.30","276.29","260.71","557.80K","-0.64%"
"09/20/2022","266.21","272.00","273.50","265.49","350.25K","-2.13%"
"09/19/2022","272.00","266.20","272.90","256.71","531.46K","2.18%"
"09/18/2022","266.21","279.09","280.00","264.06","345.83K","-4.62%"
"09/17/2022","279.09","274.90","279.70","274.80","198.67K","1.53%"
"09/16/2022","274.90","271.00","276.40","268.61","325.88K","1.44%"
"09/15/2022","271.00","279.40","280.50","267.19","538.13K","-3.01%"
"09/14/2022","279.40","277.40","282.51","273.42","439.58K","0.72%"
"09/13/2022","277.40","294.10","298.02","275.70","598.91K","-5.58%"
"09/12/2022","293.81","295.40","299.80","290.90","425.02K","-0.54%"
"09/11/2022","295.40","296.60","298.09","291.00","274.90K","-0.41%"
"09/10/2022","296.61","293.40","298.60","290.50","346.49K","1.09%"
"09/09/2022","293.40","280.50","295.69","280.10","566.00K","4.60%"
"09/08/2022","280.50","278.81","282.29","275.70","401.24K","0.61%"
"09/07/2022","278.81","262.30","280.11","258.72","453.82K","6.29%"
"09/06/2022","262.30","276.71","286.20","262.00","666.33K","-5.21%"
"09/05/2022","276.71","278.91","281.21","273.50","271.40K","-0.79%"
"09/04/2022","278.91","277.80","280.30","275.11","203.61K","0.40%"
"09/03/2022","277.80","277.50","278.60","274.40","157.25K","0.11%"
"09/02/2022","277.50","278.40","283.10","274.10","335.98K","-0.29%"
"09/01/2022","278.31","279.20","280.30","270.82","438.34K","-0.29%"
"08/31/2022","279.11","281.50","289.80","277.70","402.50K","-0.85%"
"08/30/2022","281.50","285.90","292.00","276.80","454.39K","-1.54%"
"08/29/2022","285.90","276.49","286.60","272.40","501.73K","3.40%"
"08/28/2022","276.49","277.90","284.00","275.79","329.44K","-0.47%"
"08/27/2022","277.80","279.50","284.50","274.30","432.31K","-0.51%"
"08/26/2022","279.22","301.30","301.61","277.20","616.52K","-7.33%"
"08/25/2022","301.30","296.40","306.70","296.00","416.12K","1.65%"
"08/24/2022","296.40","299.11","300.11","294.50","357.19K","-0.91%"
"08/23/2022","299.11","300.20","301.60","293.90","419.58K","-0.36%"
"08/22/2022","300.20","301.71","304.40","288.89","665.96K","-0.50%"
"08/21/2022","301.71","283.80","303.91","283.60","561.98K","6.31%"
"08/20/2022","283.80","279.11","289.00","277.23","539.84K","1.67%"
"08/19/2022","279.12","298.10","298.10","277.99","913.48K","-6.34%"
"08/18/2022","298.01","306.90","310.39","295.99","434.29K","-2.90%"
"08/17/2022","306.90","316.10","323.62","304.70","530.06K","-2.91%"
"08/16/2022","316.11","319.50","322.30","312.39","390.59K","-1.06%"
"08/15/2022","319.50","317.51","327.11","313.89","478.54K","0.63%"
"08/14/2022","317.51","324.11","330.99","316.00","405.75K","-2.03%"
"08/13/2022","324.10","328.00","332.80","323.00","429.43K","-1.19%"
"08/12/2022","328.00","323.60","328.00","318.09","404.31K","1.36%"
"08/11/2022","323.60","328.80","334.60","322.10","574.50K","-1.58%"
"08/10/2022","328.80","324.40","336.60","313.80","877.79K","1.36%"
"08/09/2022","324.40","324.99","328.10","312.51","530.17K","-0.18%"
"08/08/2022","325.00","322.80","333.51","321.21","617.09K","0.68%"
"08/07/2022","322.80","315.20","325.31","308.67","449.01K","2.47%"
"08/06/2022","315.01","315.90","322.61","312.99","422.57K","-0.28%"
"08/05/2022","315.90","311.80","321.40","308.10","682.09K","1.41%"
"08/04/2022","311.50","297.50","313.10","297.30","849.60K","4.70%"
"08/03/2022","297.50","283.80","305.50","278.31","715.47K","4.83%"
"08/02/2022","283.80","283.49","290.81","274.69","652.87K","0.11%"
"08/01/2022","283.49","283.50","290.40","278.10","517.91K","0.00%"
"07/31/2022","283.50","287.80","296.90","282.21","592.91K","-1.46%"
"07/30/2022","287.70","293.61","299.90","285.10","721.68K","-2.01%"
"07/29/2022","293.61","277.20","301.51","274.90","1.13M","5.92%"
"07/28/2022","277.20","271.60","280.50","263.91","707.00K","2.06%"
"07/27/2022","271.60","249.50","271.89","247.60","687.73K","8.94%"
"07/26/2022","249.30","244.69","249.30","239.70","383.39K","1.88%"
"07/25/2022","244.70","261.49","262.60","244.70","479.42K","-6.42%"
"07/24/2022","261.50","259.20","266.00","257.29","348.73K","0.89%"
"07/23/2022","259.20","262.50","272.31","252.90","510.76K","-1.15%"
"07/22/2022","262.21","265.50","271.30","261.20","527.65K","-1.24%"
"07/21/2022","265.50","258.11","265.90","250.80","569.55K","2.79%"
"07/20/2022","258.30","268.60","272.00","256.70","800.68K","-3.83%"
"07/19/2022","268.60","264.20","274.50","256.00","973.37K","1.51%"
"07/18/2022","264.60","247.80","265.31","247.70","777.09K","6.78%"
"07/17/2022","247.80","249.80","255.50","246.60","463.53K","-0.80%"
"07/16/2022","249.79","238.50","251.00","233.99","461.48K","4.78%"
"07/15/2022","238.40","238.40","242.51","235.60","484.60K","0.00%"
"07/14/2022","238.40","230.59","239.80","227.11","603.25K","3.39%"
"07/13/2022","230.59","220.60","230.89","216.70","754.34K","4.53%"
"07/12/2022","220.60","225.70","228.30","220.29","427.30K","-2.26%"
"07/11/2022","225.70","234.60","234.90","225.29","435.87K","-3.79%"
"07/10/2022","234.60","243.39","243.49","231.89","412.68K","-3.61%"
"07/09/2022","243.39","240.80","244.90","240.70","281.31K","1.08%"
"07/08/2022","240.80","241.49","247.00","237.19","666.74K","-0.29%"
"07/07/2022","241.50","238.49","243.69","235.40","514.19K","1.22%"
"07/06/2022","238.59","231.09","239.81","229.01","683.51K","3.24%"
"07/05/2022","231.09","231.30","236.60","223.12","731.55K","-0.09%"
"07/04/2022","231.30","219.20","232.11","215.09","543.90K","5.52%"
"07/03/2022","219.20","218.20","219.90","214.22","386.92K","0.46%"
"07/02/2022","218.20","216.90","219.70","213.91","367.35K","0.65%"
"07/01/2022","216.79","219.41","226.80","213.60","862.60K","-1.18%"
"06/30/2022","219.39","219.69","220.19","205.90","829.04K","-0.14%"
"06/29/2022","219.69","227.09","229.70","215.70","755.92K","-3.26%"
"06/28/2022","227.09","233.70","242.31","225.99","669.95K","-2.82%"
"06/27/2022","233.69","233.91","240.79","230.40","508.72K","-0.13%"
"06/26/2022","234.00","239.69","244.99","233.40","491.51K","-2.38%"
"06/25/2022","239.69","240.19","241.90","230.00","521.63K","-0.21%"
"06/24/2022","240.19","228.80","243.09","228.40","745.88K","4.97%"
"06/23/2022","228.81","214.10","230.19","214.10","829.96K","6.87%"
"06/22/2022","214.10","220.10","220.79","211.39","736.67K","-2.73%"
"06/21/2022","220.10","216.50","228.39","213.30","884.07K","1.62%"
"06/20/2022","216.60","215.00","218.71","204.89","928.37K","0.74%"
"06/19/2022","215.00","197.09","216.52","189.80","1.18M","9.09%"
"06/18/2022","197.09","215.70","218.90","184.06","1.52M","-8.63%"
"06/17/2022","215.70","210.10","221.80","207.90","732.05K","2.66%"
"06/16/2022","210.10","233.70","236.82","207.90","1.04M","-10.09%"
"06/15/2022","233.70","223.13","234.49","198.99","2.22M","4.61%"
"06/14/2022","223.40","222.71","231.18","204.61","2.11M","0.31%"
"06/13/2022","222.71","254.90","257.69","213.91","2.63M","-12.63%"
"06/12/2022","254.90","269.71","271.80","251.24","922.74K","-5.49%"
"06/11/2022","269.71","286.29","290.40","265.58","666.56K","-5.79%"
"06/10/2022","286.29","289.90","297.40","283.20","902.83K","-1.25%"
"06/09/2022","289.90","288.40","293.40","286.39","368.85K","0.52%"
"06/08/2022","288.41","290.30","294.57","284.12","561.29K","-0.65%"
"06/07/2022","290.30","295.20","295.72","274.17","1.08M","-1.66%"
"06/06/2022","295.20","298.98","312.11","288.46","821.94K","-1.26%"
"06/05/2022","298.98","301.40","302.40","295.00","306.12K","-0.80%"
"06/04/2022","301.40","297.93","302.80","297.32","326.83K","0.90%"
"06/03/2022","298.70","308.41","310.20","293.49","515.22K","-3.15%"
"06/02/2022","308.41","300.49","309.21","298.38","522.00K","2.63%"
"06/01/2022","300.49","320.79","324.29","297.71","886.64K","-6.33%"
"05/31/2022","320.79","321.80","324.60","313.61","751.92K","-0.31%"
"05/30/2022","321.80","305.90","323.70","304.10","1.09M","5.20%"
"05/29/2022","305.90","307.59","308.01","299.01","551.18K","-0.55%"
"05/28/2022","307.59","301.45","310.26","297.10","678.02K","2.16%"
"05/27/2022","301.09","303.19","309.50","291.40","1.60M","-0.70%"
"05/26/2022","303.20","325.79","331.61","298.31","1.59M","-6.93%"
"05/25/2022","325.79","328.30","337.39","324.48","1.12M","-0.76%"
"05/24/2022","328.30","316.98","330.20","313.49","1.16M","3.57%"
"05/23/2022","316.98","319.31","337.00","315.49","1.08M","-0.72%"
"05/22/2022","319.30","312.40","323.39","311.70","673.70K","2.21%"
"05/21/2022","312.40","302.29","314.10","299.50","505.94K","3.35%"
"05/20/2022","302.28","306.99","315.86","294.39","980.10K","-1.50%"
"05/19/2022","306.90","287.61","308.90","287.10","724.79K","6.71%"
"05/18/2022","287.61","306.10","308.30","287.09","767.47K","-6.04%"
"05/17/2022","306.10","297.02","310.60","296.79","737.17K","3.06%"
"05/16/2022","297.00","312.20","312.40","290.40","1.01M","-4.87%"
"05/15/2022","312.20","296.90","312.60","285.90","792.50K","5.15%"
"05/14/2022","296.90","290.89","299.40","272.40","1.12M","2.07%"
"05/13/2022","290.89","268.51","313.10","265.60","1.95M","8.34%"
"05/12/2022","268.51","270.92","284.70","219.98","4.59M","-0.89%"
"05/11/2022","270.92","319.00","322.70","261.48","3.61M","-15.07%"
"05/10/2022","318.99","296.31","332.40","289.80","2.31M","7.66%"
"05/09/2022","296.30","355.79","359.29","296.30","2.28M","-16.74%"
"05/08/2022","355.88","365.48","366.90","350.58","866.37K","-2.63%"
"05/07/2022","365.48","379.11","380.60","360.62","632.40K","-3.60%"
"05/06/2022","379.11","378.48","383.09","370.69","818.35K","0.14%"
"05/05/2022","378.57","402.51","412.81","374.66","1.35M","-5.95%"
"05/04/2022","402.51","383.80","403.09","382.88","651.20K","4.88%"
"05/03/2022","383.79","389.50","392.20","379.89","423.70K","-1.47%"
"05/02/2022","389.50","389.91","392.39","382.39","487.85K","-0.10%"
"05/01/2022","389.89","376.99","391.30","376.00","632.32K","3.42%"
"04/30/2022","377.01","392.99","399.80","376.69","634.84K","-4.07%"
"04/29/2022","392.99","407.19","410.59","390.10","781.51K","-3.49%"
"04/28/2022","407.19","391.31","408.41","388.51","1.03M","4.06%"
"04/27/2022","391.31","385.91","394.61","383.60","633.90K","1.40%"
"04/26/2022","385.91","404.30","407.31","381.21","689.80K","-4.55%"
"04/25/2022","404.30","398.89","405.41","383.00","935.57K","1.35%"
"04/24/2022","398.90","401.12","405.39","397.78","368.20K","-0.55%"
"04/23/2022","401.10","406.60","407.99","398.58","392.09K","-1.35%"
"04/22/2022","406.60","405.00","413.81","403.52","621.07K","0.40%"
"04/21/2022","405.00","418.29","425.81","401.72","830.74K","-3.18%"
"04/20/2022","418.29","422.20","431.12","415.20","749.98K","-0.93%"
"04/19/2022","422.20","416.82","424.53","414.79","663.87K","1.29%"
"04/18/2022","416.82","406.79","418.01","396.41","690.23K","2.46%"
"04/17/2022","406.81","417.10","418.20","405.71","338.55K","-2.47%"
"04/16/2022","417.10","417.22","418.70","411.70","272.23K","-0.03%"
"04/15/2022","417.22","414.70","419.99","412.69","389.03K","0.61%"
"04/14/2022","414.70","423.11","426.89","411.62","529.98K","-1.98%"
"04/13/2022","423.08","413.67","424.49","410.61","724.41K","2.28%"
"04/12/2022","413.67","394.22","416.60","392.57","821.33K","4.94%"
"04/11/2022","394.20","417.82","419.60","391.87","962.78K","-5.65%"
"04/10/2022","417.82","426.83","429.41","417.47","432.81K","-2.11%"
"04/09/2022","426.83","421.58","428.20","419.81","414.75K","1.24%"
"04/08/2022","421.60","436.31","440.71","418.91","769.82K","-3.37%"
"04/07/2022","436.31","420.19","438.49","416.88","803.59K","3.84%"
"04/06/2022","420.19","444.60","444.60","418.55","1.03M","-5.49%"
"04/05/2022","444.60","447.83","459.98","444.29","838.17K","-0.73%"
"04/04/2022","447.87","450.31","450.50","433.63","840.54K","-0.54%"
"04/03/2022","450.30","436.85","455.68","432.30","766.76K","3.09%"
"04/02/2022","436.82","447.61","453.96","435.99","915.82K","-2.41%"
"04/01/2022","447.59","428.84","447.59","413.53","1.08M","4.37%"
"03/31/2022","428.84","442.01","452.11","424.49","1.08M","-2.98%"
"03/30/2022","442.01","434.17","449.20","425.78","856.98K","1.78%"
"03/29/2022","434.27","429.81","441.60","429.70","706.07K","1.04%"
"03/28/2022","429.81","430.71","440.82","428.29","806.52K","-0.21%"
"03/27/2022","430.71","415.82","431.39","411.81","549.35K","3.52%"
"03/26/2022","416.08","410.21","416.40","407.50","318.19K","1.43%"
"03/25/2022","410.21","414.29","421.49","405.63","664.78K","-0.98%"
"03/24/2022","414.29","408.41","416.50","405.38","654.66K","1.46%"
"03/23/2022","408.32","404.21","411.61","398.38","584.51K","1.02%"
"03/22/2022","404.21","396.08","409.90","394.99","671.45K","2.05%"
"03/21/2022","396.09","390.82","399.21","385.59","595.93K","1.35%"
"03/20/2022","390.82","399.91","400.61","386.41","447.96K","-2.29%"
"03/19/2022","400.00","397.20","406.10","395.10","520.29K","0.70%"
"03/18/2022","397.20","391.90","400.00","384.10","216.45M","1.35%"
"03/17/2022","391.90","385.30","393.20","381.80","220.72M","1.69%"
"03/16/2022","385.40","371.60","386.50","368.10","252.61M","3.77%"
"03/15/2022","371.40","373.30","374.60","362.30","162.42M","-0.51%"
"03/14/2022","373.30","361.60","373.90","359.80","171.96M","3.24%"
"03/13/2022","361.60","372.40","377.10","360.20","157.45M","-2.90%"
"03/12/2022","372.40","371.90","379.20","371.30","151.35M","0.13%"
"03/11/2022","371.90","372.00","379.70","364.90","189.86M","-0.05%"
"03/10/2022","372.10","393.10","394.50","363.20","296.48M","-5.34%"
"03/09/2022","393.10","381.40","402.30","381.10","399.54M","2.96%"
"03/08/2022","381.80","381.10","387.90","377.20","247.92M","0.18%"
"03/07/2022","381.10","375.00","385.50","363.20","356.42M","1.65%"
"03/06/2022","374.90","384.70","387.20","372.90","185.66M","-2.55%"
"03/05/2022","384.70","374.50","387.20","367.80","171.62M","2.72%"
"03/04/2022","374.50","402.60","403.39","372.09","294.17M","-6.98%"
"03/03/2022","402.60","409.20","413.08","397.60","648.92K","-1.61%"
"03/02/2022","409.20","408.59","415.59","403.90","874.33K","0.15%"
"03/01/2022","408.59","395.61","420.35","391.00","1.48M","3.28%"
"02/28/2022","395.61","359.92","397.09","356.00","815.14K","9.92%"
"02/27/2022","359.91","373.60","380.90","358.21","726.15K","-3.59%"
"02/26/2022","373.31","375.17","385.60","370.60","584.74K","-0.42%"
"02/25/2022","374.89","361.19","376.90","357.09","834.85K","3.82%"
"02/24/2022","361.10","365.69","369.80","323.89","2.03M","-1.26%"
"02/23/2022","365.69","374.20","383.82","365.60","739.08K","-2.27%"
"02/22/2022","374.20","356.52","374.92","349.30","984.89K","4.96%"
"02/21/2022","356.50","380.32","393.61","355.01","1.27M","-6.26%"
"02/20/2022","380.31","399.70","399.99","375.39","667.90K","-4.85%"
"02/19/2022","399.70","399.21","406.31","393.21","448.75K","0.12%"
"02/18/2022","399.20","402.97","410.99","392.89","657.32K","-0.94%"
"02/17/2022","402.97","427.38","431.00","400.19","713.82K","-5.71%"
"02/16/2022","427.38","432.31","433.30","422.80","661.38K","-1.12%"
"02/15/2022","432.21","403.49","441.20","402.70","1.24M","7.12%"
"02/14/2022","403.49","397.83","404.20","390.61","500.69K","1.43%"
"02/13/2022","397.80","403.22","407.02","394.90","426.23K","-1.34%"
"02/12/2022","403.20","400.16","406.90","393.59","569.68K","0.75%"
"02/11/2022","400.19","414.89","418.80","392.90","767.57K","-3.54%"
"02/10/2022","414.89","422.81","434.69","410.50","1.02M","-1.87%"
"02/09/2022","422.80","407.71","427.30","407.31","686.30K","3.70%"
"02/08/2022","407.72","433.29","444.86","406.41","1.22M","-5.90%"
"02/07/2022","433.29","420.01","438.61","413.59","810.27K","3.16%"
"02/06/2022","420.00","413.99","421.30","407.79","576.76K","1.45%"
"02/05/2022","413.99","399.49","430.88","396.60","1.10M","3.63%"
"02/04/2022","399.49","371.88","399.49","369.62","924.97K","7.42%"
"02/03/2022","371.88","367.10","371.90","359.82","535.06K","1.30%"
"02/02/2022","367.10","384.21","386.11","366.30","612.86K","-4.45%"
"02/01/2022","384.21","374.31","388.02","374.01","594.73K","2.67%"
"01/31/2022","374.21","377.50","385.20","365.59","658.95K","-0.87%"
"01/30/2022","377.50","389.29","389.49","372.81","572.48K","-3.03%"
"01/29/2022","389.29","386.00","396.92","381.21","579.88K","0.85%"
"01/28/2022","386.00","390.03","395.13","376.19","812.65K","-1.03%"
"01/27/2022","390.03","374.91","393.00","360.10","1.05M","4.03%"
"01/26/2022","374.91","384.88","401.34","366.40","1.16M","-2.59%"
"01/25/2022","384.88","371.59","387.97","357.79","1.10M","3.58%"
"01/24/2022","371.58","384.10","384.10","336.82","2.04M","-3.26%"
"01/23/2022","384.10","358.30","388.89","356.60","1.37M","7.14%"